,Company Name,Author Name,Text,Message ID,Published At,Retweet Count,Favorite Count,Processed Text,Predicted
0,DROP,Arb Cruncher,RT @amruthasuri: Arbiswap BTC-CHSB Arbitrage Deal Alert! #CryptoCurrency #arbitrage via https://t.co/gydENhRsJO https://t.co/5tuJrCFOvV,1167950535074312192,2019-09-01 00:01:21,2,0,   Arbiswap BTC-CHSB Arbitrage Deal Alert!     via,ham
2,DROP,SB,Arbiswap BTC-CHSB Arbitrage Deal Alert! #CryptoCurrency #arbitrage via https://t.co/gydENhRsJO https://t.co/5tuJrCFOvV,1167949452448940032,2019-08-31 23:57:03,2,0,Arbiswap BTC-CHSB Arbitrage Deal Alert!     via,ham
3,DROP,Arb Cruncher,RT @arbiswap: Arbiswap BTC-CHSB Arbitrage Deal Alert! #arbitrage #cryptocurrency https://t.co/Wdp6Dj1FIn,1167927899283804161,2019-08-31 22:31:24,3,0,   Arbiswap BTC-CHSB Arbitrage Deal Alert!    ,ham
5,DROP,Caulon,Arbiswap BTC-CHSB Arbitrage Deal Alert! #arbitrage #cryptocurrency https://t.co/Wdp6Dj1FIn,1167924633233838087,2019-08-31 22:18:26,3,0,Arbiswap BTC-CHSB Arbitrage Deal Alert!    ,ham
8,DROP,Oliver,"#Giveaway 
#Shareyourwealth
#chsb
#cryptocurrency 
#CryptoNews 
#btc
#eth

#keepitgoing @pulte @swissborg @SwissborgJ",1167415970366967808,2019-08-30 12:37:11,0,0,                      ,ham
0,DROP,Arb Cruncher,RT @arbiswap: Arbiswap BTC-EDO Arbitrage Deal Alert! #arbitrage #cryptocurrency https://t.co/7Yrh4tLm5K,1169033921985732609,2019-09-03 23:46:21,2,0,   Arbiswap BTC-EDO Arbitrage Deal Alert!    ,ham
2,DROP,Caulon,Arbiswap BTC-EDO Arbitrage Deal Alert! #arbitrage #cryptocurrency https://t.co/7Yrh4tLm5K,1169032161128779776,2019-09-03 23:39:21,2,1,Arbiswap BTC-EDO Arbitrage Deal Alert!    ,ham
3,DROP,Krypto_Boss,"Binance
#EDO/BTC Stoploss 
Loss: 4.9383% #Binance , #BTC , #Bitcoin , #CryptoCurrency , #CryptoTrading , #CryptoSignals",1168622880541814785,2019-09-02 20:33:01,0,0,"Binance   Stoploss Loss: 4.9383%   ,   ,   ,   ,   ,  ",ham
4,DROP,Krypto_Boss,"Binance
#EDO/BTC All entry targets achieved
Average Buy Price: 0.0000324 #Binance , #BTC , #Bitcoin ,â€¦ https://t.co/H1btv3WuhA",1168536600495775744,2019-09-02 14:50:10,0,1,"Binance   All entry targets achieved Average Buy Price: 0.0000324   ,   ,   ,â€¦",ham
5,DROP,Krypto_Boss,"Buy #EDO/BTC 
 
 Buy Under: 0.00003240 

 Target 1: 0.00003402 
 Target 2: 0.00003564 
 Target 3: 0.00003726 
 
 Stâ€¦ https://t.co/pPHp93DvNK",1168536596301385730,2019-09-02 14:50:09,0,1,Buy    Buy Under: 0.00003240  Target 1: 0.00003402 Target 2: 0.00003564 Target 3: 0.00003726  Stâ€¦,ham
6,DROP,Krypto_Boss,"BINANCE
#BTC_EDO 
LONG
SL 4.8% #Binance , #BTC , #Bitcoin , #CryptoCurrency , #CryptoTrading , #CryptoSignals",1168536592740433920,2019-09-02 14:50:08,0,1,"BINANCE   LONG SL 4.8%   ,   ,   ,   ,   ,  ",ham
7,DROP,ProjectX - XtradeBOT,"ğŸ“¢NEW TRADE
ğŸŒExchange: #Binance
ğŸ“Œ#EDOBTC
â³Buy Date : 2019-08-30 19:08:38
âŒ›Sell Date : 2019-08-30 22:23:03
ğŸ“ˆBuy : 0.0â€¦ https://t.co/oaBOZKpUww",1167533245854101504,2019-08-30 20:23:12,0,0,ğŸ“¢NEW TRADE ğŸŒExchange:     â³Buy Date : 2019-08-30 19:08:38 âŒ›Sell Date : 2019-08-30 22:23:03 ğŸ“ˆBuy : 0.0â€¦,ham
8,DROP,Inputspike,"ETH/EDO (Binance) gained 7.56% in the last 20 min. 0.43747276USD, 0.00004294Éƒ $EDO #Eidoo #cryptocurrency https://t.co/tHSSeSa9e3",1166777493048692736,2019-08-28 18:20:06,0,1,"ETH/EDO (Binance) gained 7.56% in the last 20 min. 0.43747276USD, 0.00004294Éƒ $EDO    ",ham
11,DROP,ProjectX - XtradeBOT,"ğŸ“¢NEW TRADE
ğŸŒExchange: #Binance
ğŸ“Œ#EDOBTC
â³Buy Date : 2019-08-27 00:20:46
âŒ›Sell Date : 2019-08-28 01:29:30
ğŸ“ˆBuy : 0.0â€¦ https://t.co/eCJlSL5bNk",1166492997900525568,2019-08-27 23:29:37,0,0,ğŸ“¢NEW TRADE ğŸŒExchange:     â³Buy Date : 2019-08-27 00:20:46 âŒ›Sell Date : 2019-08-28 01:29:30 ğŸ“ˆBuy : 0.0â€¦,ham
0,DROP,CoinMarketNews,"Today's top cryptocurrency gainers: 
 
$DIVI (17.52%) up
$XMX (14.29%) up
$KNC (13.15%) up
$CRPT (11.71%) up
$FCT (â€¦ https://t.co/J1Rq4znVkr",1169754609998540800,2019-09-05 23:30:06,0,4,Today's top cryptocurrency gainers:  $DIVI (17.52%) up $XMX (14.29%) up $KNC (13.15%) up $CRPT (11.71%) up $FCT (â€¦,ham
1,DROP,Joe Gambiste,"RT @coinmarketnews: Today's top cryptocurrency gainers: 
 
$CENNZ (20.60%) up
$DIVI (14.17%) up
$CRPT (11.71%) up
$NRG (9.69%) up
$STEEM (7â€¦",1169575356342394880,2019-09-05 11:37:49,1,0,   Today's top cryptocurrency gainers:  $CENNZ (20.60%) up $DIVI (14.17%) up $CRPT (11.71%) up $NRG (9.69%) up $STEEM (7â€¦,ham
2,DROP,CoinMarketNews,"Today's top cryptocurrency gainers: 
 
$CENNZ (20.60%) up
$DIVI (14.17%) up
$CRPT (11.71%) up
$NRG (9.69%) upâ€¦ https://t.co/NyOiUwGXOy",1169573420570423296,2019-09-05 11:30:07,1,2,Today's top cryptocurrency gainers:  $CENNZ (20.60%) up $DIVI (14.17%) up $CRPT (11.71%) up $NRG (9.69%) upâ€¦,ham
3,DROP,ICOLOG,"A Short Yet Comprehensive Guide On Libraâ€Šâ€”â€ŠFacebookâ€™s Cryptocurrency...
PRC: $0.343000 (-0.90%) â€¢ ROI: -437.32% â€¢ Hâ€¦ https://t.co/QHbK4Ak6Vx",1169567251202215938,2019-09-05 11:05:36,0,0,A Short Yet Comprehensive Guide On Libraâ€Šâ€”â€ŠFacebookâ€™s Cryptocurrency... PRC: $0.343000 (-0.90%) â€¢ ROI: -437.32% â€¢ Hâ€¦,ham
4,DROP,CoinMarketNews,"Today's top cryptocurrency gainers: 
 
$CRPT (11.71%) up
$LINA (10.23%) up
$MANA (10.14%) up
$ENJ (7.65%) up
$TTC (â€¦ https://t.co/0UL4sp9QA5",1169392222669803521,2019-09-04 23:30:06,0,0,Today's top cryptocurrency gainers:  $CRPT (11.71%) up $LINA (10.23%) up $MANA (10.14%) up $ENJ (7.65%) up $TTC (â€¦,ham
6,DROP,CoinMarketNews,"Today's top cryptocurrency gainers: 
 
$RET (18.28%) up
$VALOR (12.36%) up
$XMX (11.98%) up
$CRPT (11.71%) up
$LINAâ€¦ https://t.co/SjoSuvPdcS",1169211028393082880,2019-09-04 11:30:06,0,9,Today's top cryptocurrency gainers:  $RET (18.28%) up $VALOR (12.36%) up $XMX (11.98%) up $CRPT (11.71%) up $LINAâ€¦,ham
7,DROP,CoinMarketNews,"Today's top cryptocurrency gainers: 
 
$XMX (15.95%) up
$CRPT (14.75%) up
$VSYS (12.48%) up
$CRPT (11.71%) up
$MAIDâ€¦ https://t.co/AbaQhFn0hd",1169029838365237249,2019-09-03 23:30:07,0,0,Today's top cryptocurrency gainers:  $XMX (15.95%) up $CRPT (14.75%) up $VSYS (12.48%) up $CRPT (11.71%) up $MAIDâ€¦,ham
8,DROP,ICOLOG,"The delivery service of the world-famous fast-food restaurants, Burger King is now accepting payments in the cryptoâ€¦ https://t.co/cL9CZDBXWw",1168993465994240002,2019-09-03 21:05:35,0,0,"The delivery service of the world-famous fast-food restaurants, Burger King is now accepting payments in the cryptoâ€¦",ham
10,DROP,CoinMarketNews,"Today's top cryptocurrency gainers: 
 
$RDD (20.50%) up
$XMX (15.60%) up
$VSYS (13.85%) up
$KMD (13.19%) up
$CRPT (â€¦ https://t.co/LvVBJoVtKd",1168848651688534016,2019-09-03 11:30:09,0,7,Today's top cryptocurrency gainers:  $RDD (20.50%) up $XMX (15.60%) up $VSYS (13.85%) up $KMD (13.19%) up $CRPT (â€¦,ham
11,DROP,CoinMarketNews,"Today's top cryptocurrency gainers: 
 
$DRG (20.34%) up
$XMX (18.63%) up
$FTM (14.87%) up
$GRIN (14.21%) up
$BEAM (â€¦ https://t.co/pLbgkrD82T",1168667447504908292,2019-09-02 23:30:06,0,1,Today's top cryptocurrency gainers:  $DRG (20.34%) up $XMX (18.63%) up $FTM (14.87%) up $GRIN (14.21%) up $BEAM (â€¦,ham
13,DROP,Joe Gambiste,"RT @coinmarketnews: Today's top cryptocurrency gainers: 
 
$UIP (105.77%) up
$WIX (47.10%) up
$WAN (23.18%) up
$INO (20.45%) up
$SNX (12.08â€¦",1168307961980231680,2019-09-01 23:41:38,1,0,   Today's top cryptocurrency gainers:  $UIP (105.77%) up $WIX (47.10%) up $WAN (23.18%) up $INO (20.45%) up $SNX (12.08â€¦,ham
14,DROP,CoinMarketNews,"Today's top cryptocurrency gainers: 
 
$UIP (105.77%) up
$WIX (47.10%) up
$WAN (23.18%) up
$INO (20.45%) up
$SNX (1â€¦ https://t.co/Ahq2vLvOhG",1168305057684754432,2019-09-01 23:30:06,1,1,Today's top cryptocurrency gainers:  $UIP (105.77%) up $WIX (47.10%) up $WAN (23.18%) up $INO (20.45%) up $SNX (1â€¦,ham
8,DROP,Coinhooked,"RT @coins_flare: View listing details now on: https://t.co/d3VPVO25Gv 
NEXO listed on Coinexchange @NexoFinance  #crypto #cryptocurrency $Nâ€¦",1169200821877321729,2019-09-04 10:49:33,2,0,   View listing details now on: NEXO listed on Coinexchange       currency $Nâ€¦,ham
10,DROP,CoinsFlare,"View listing details now on: https://t.co/d3VPVO25Gv 
NEXO listed on Coinexchange @NexoFinance  #crypto #cryptocurrency $NEXO",1169106187868102657,2019-09-04 04:33:30,2,22,View listing details now on: NEXO listed on Coinexchange       currency $NEXO,ham
12,DROP,mark davison,Will bcnex list nexo? #Bcnex $BCNX #Cryptocurrency #Exchange #ICO #ETH #VotingCoin https://t.co/v2SP0I0j5f @Nghiemtructung,1168954502130688007,2019-09-03 18:30:46,0,1,Will bcnex list nexo?   $BCNX              ,ham
13,DROP,Topicktea,"RT @topicktea: Dwonload,join and singup ...
#staywithtopick @Curis_Wang
#cryptocurrency #moneycrypto #BTC #USDT #XRP #LTC #BTR #ETH #ETC #câ€¦",1168864898614362112,2019-09-03 12:34:42,1,0,"   Dwonload,join and singup ...                        ",ham
0,DROP,Coinhooked,"#Crypto #Cryptocurrency #Bitcoin
https://t.co/NuSYSVE6fJ",1169882626414395393,2019-09-06 07:58:48,0,0,   currency  ,ham
1,DROP,Coinnounce - Blockchain Entrepreneur Stories,"Massive drop in trading volume on major crypto exchanges
https://t.co/Jv4MRX2ig3

#CryptoTrading #Cryptocurrencyâ€¦ https://t.co/8gjdPcymIs",1169879478887018497,2019-09-06 07:46:17,0,0,Massive drop in trading volume on major crypto exchanges      ,ham
2,DROP,Cryptodot,Bitcoin Price Corrects While Gold Sees Worst Daily Drop in 2.5 Years https://t.co/qu1EMbLuSK #crypto #blockchain #cryptocurrency,1169868457854111746,2019-09-06 07:02:30,0,0,Bitcoin Price Corrects While Gold Sees Worst Daily Drop in 2.5 Years        currency,ham
3,DROP,ğŸ”—bitsmart.io,Bitcoin Price Corrects While Gold Sees Worst Daily Drop in 2.5 Years #bitcoin #cryptocurrency #daytrading #paxiâ€¦ https://t.co/7SX3zSlUk4,1169845223481982976,2019-09-06 05:30:10,0,0,Bitcoin Price Corrects While Gold Sees Worst Daily Drop in 2.5 Years        ,ham
0,CHSB,ã‚¹ã‚¤ã‚¹ãƒãƒ¼ã‚°,"RT @klortu868o: https://t.co/UVhiLrNgMb
è‰²ã‚“ãªæ„å‘³ã§è©±é¡Œï½—ã®ã‚¹ã‚¤ã‚¹ãƒœãƒ¼ã‚°ã®ç¤¾é•·ãŒæ—¥æœ¬å‘ã‘ã®èª¬æ˜ä¼šã‚„ã£ã¦ã„ã¾ã™ã­ãƒ¼ï½—ï½—
è‰²ã€…æ–‡å¥ã‚’è¨€ã„ãŸã„äººãŒå¤šã„ã¨æ€ã†ã®ã§ã€ã‚ˆã‹ã£ãŸã‚‰ã©ã†ãï¼ï¼
$CHSB #ä»®æƒ³é€šè²¨ #ICO",1169771357841739776,2019-09-06 00:36:39,1,0,   è‰²ã‚“ãªæ„å‘³ã§è©±é¡Œï½—ã®ã‚¹ã‚¤ã‚¹ãƒœãƒ¼ã‚°ã®ç¤¾é•·ãŒæ—¥æœ¬å‘ã‘ã®èª¬æ˜ä¼šã‚„ã£ã¦ã„ã¾ã™ã­ãƒ¼ï½—ï½— è‰²ã€…æ–‡å¥ã‚’è¨€ã„ãŸã„äººãŒå¤šã„ã¨æ€ã†ã®ã§ã€ã‚ˆã‹ã£ãŸã‚‰ã©ã†ãï¼ï¼ $CHSB    ,ham
2,CHSB,Crypto squawk,Since 6 pmÂ Chiliz $CHZ has increased by 14.85% (chart L) andÂ SwissBorg $CHSB by 16.49% (chart R). Crypto markets enâ€¦ https://t.co/4Unu5giEv6,1169737922603573248,2019-09-05 22:23:48,0,1,Since 6 pmÂ Chiliz $CHZ has increased by 14.85% (chart L) andÂ SwissBorg $CHSB by 16.49% (chart R). Crypto markets enâ€¦,ham
3,CHSB,Bablu,"RT @AirdropDet: ğŸ” New #Airdrop: Swissborg

ğŸ’² Total reward: Up to 1750 CHSB[~$15]+ 3k points per referral+$500k worth of BTC (for 20,000 useâ€¦",1169723051895771136,2019-09-05 21:24:42,55,0,"   ğŸ” New   Swissborg  ğŸ’² Total reward: Up to 1750 CHSB[~$15]+ 3k points per referral+$500k worth of BTC (for 20,000 useâ€¦",ham
6,CHSB,AlertDrop,"SWISSBORG AIRDROPğŸ“£ğŸŒŸğŸŒŸğŸŒŸğŸŒŸğŸŒŸ
ğŸ’°up to $1654 in $BTC + $75 in #CHSB

ğŸ”¹ï¸$51M sold in #ICO
ğŸ”¹ï¸ğŸ“ŒClick link ğŸ“ŒDownload app

â—ğŸ“ŒUseâ€¦ https://t.co/DfidjbrNCj",1169658169968271360,2019-09-05 17:06:53,0,0,SWISSBORG AIRDROPğŸ“£ğŸŒŸğŸŒŸğŸŒŸğŸŒŸğŸŒŸ ğŸ’°up to $1654 in $BTC + $75 in    ğŸ”¹ï¸$51M sold in   ğŸ”¹ï¸ğŸ“ŒClick link ğŸ“ŒDownload app  â—ğŸ“ŒUseâ€¦,ham
8,CHSB,VentureDrop,"RT @VentureDrop: SWISSBORG AIRDROPğŸ“£ğŸŒŸğŸŒŸğŸŒŸğŸŒŸğŸŒŸ
ğŸ’°up to $1654 in $BTC + $75 in #CHSB

ğŸ”¹ï¸$51M sold in #ICO
ğŸ”¹ï¸ğŸ“ŒClick link ğŸ“ŒDownload app

â—ğŸ“ŒUse this câ€¦",1169639475879849984,2019-09-05 15:52:36,1,0,   SWISSBORG AIRDROPğŸ“£ğŸŒŸğŸŒŸğŸŒŸğŸŒŸğŸŒŸ ğŸ’°up to $1654 in $BTC + $75 in    ğŸ”¹ï¸$51M sold in   ğŸ”¹ï¸ğŸ“ŒClick link ğŸ“ŒDownload app  â—ğŸ“ŒUse this câ€¦,ham
9,CHSB,AlertDrop,"RT @alertdropp: SWISSBORG AIRDROPğŸ“£ğŸŒŸğŸŒŸğŸŒŸğŸŒŸğŸŒŸ
ğŸ’°up to $1654 in $BTC + $75 in #CHSB

ğŸ”¹ï¸$51M sold in #ICO
ğŸ”¹ï¸ğŸ“ŒClick link ğŸ“ŒDownload app

â—ğŸ“ŒUse this coâ€¦",1169639374000144385,2019-09-05 15:52:12,1,0,   SWISSBORG AIRDROPğŸ“£ğŸŒŸğŸŒŸğŸŒŸğŸŒŸğŸŒŸ ğŸ’°up to $1654 in $BTC + $75 in    ğŸ”¹ï¸$51M sold in   ğŸ”¹ï¸ğŸ“ŒClick link ğŸ“ŒDownload app  â—ğŸ“ŒUse this coâ€¦,ham
1,MCO,æ ªå¼ä¼šç¤¾ãƒŸãƒ¨ã‚· a.k.a. MCOã€å…¬å¼ã€‘,"@hapinavi ã‚ªãƒ¼ãƒ«ã‚«ãƒ©ãƒ¼ã§ã‚ã¡ã‚ƒãã¡ã‚ƒèª­ã¿å¿œãˆã‚ã‚Šã¾ã—ãŸâ€¼ï¸æƒœã—ã‚€ã‚‰ãã¯ã™ãã«ãŠåº—ã«ã„ã‘ãªã„ã“ã¨ï½—â†
ã“ã‚Œã¯åå¤å±‹ã®é­…åŠ›ãŒè©°ã¾ã‚Šã™ãã§ã™ã­â€¦ï¼",1169897776219484161,2019-09-06 08:59:00,0,0,  ã‚ªãƒ¼ãƒ«ã‚«ãƒ©ãƒ¼ã§ã‚ã¡ã‚ƒãã¡ã‚ƒèª­ã¿å¿œãˆã‚ã‚Šã¾ã—ãŸâ€¼ï¸æƒœã—ã‚€ã‚‰ãã¯ã™ãã«ãŠåº—ã«ã„ã‘ãªã„ã“ã¨ï½—â† ã“ã‚Œã¯åå¤å±‹ã®é­…åŠ›ãŒè©°ã¾ã‚Šã™ãã§ã™ã­â€¦ï¼,ham
2,MCO,ğŸ¾ã•ã•ã¿ã‚ã’â¦ Happy end,@shirokuma_MCO â€¦ï¼Ÿ,1169897596598382595,2019-09-06 08:58:17,0,0,  â€¦ï¼Ÿ,ham
3,MCO,æ ªå¼ä¼šç¤¾ãƒŸãƒ¨ã‚· a.k.a. MCOã€å…¬å¼ã€‘,@cmbar_inc @hapinavi ã„ã¤ã‹â€¦ã„ã¤ã‹å¿…ãšã‚„â€¦ï¼ï¼ˆæ¶™ã§ãƒ¢ãƒ‹ã‚¿ãƒ¼ãŒã«ã˜ã‚€â€¦ğŸ˜­ğŸ˜­ğŸ˜­ï¼‰,1169897517032456193,2019-09-06 08:57:58,0,0,    ã„ã¤ã‹â€¦ã„ã¤ã‹å¿…ãšã‚„â€¦ï¼ï¼ˆæ¶™ã§ãƒ¢ãƒ‹ã‚¿ãƒ¼ãŒã«ã˜ã‚€â€¦ğŸ˜­ğŸ˜­ğŸ˜­ï¼‰,ham
4,MCO,ğŸ¼ã¿ã”ã¿ã”ğŸ£æµªé€Ÿã®ã—ã‹ã‚ã£é¢ğŸ¾,@shirokuma_MCO ã™ã„ã¿ã‚“ãªã‹ã¾,1169897456433164292,2019-09-06 08:57:43,0,0,  ã™ã„ã¿ã‚“ãªã‹ã¾,ham
6,MCO,æŠ¹èŒ¶ä¿º,ä½•è¨€ã£ã¦ã‚“ã ã“ã„ã¤â€¦,1169897293694164994,2019-09-06 08:57:05,0,0,ä½•è¨€ã£ã¦ã‚“ã ã“ã„ã¤â€¦,ham
7,MCO,æ®ºæˆ®å‹ç´…èŒ¶èŠ±ä¼â¦ ğŸ¾âš ï¸æš´èµ°ä¸­âš ï¸,@migomigonyanko ã‚€ã‚Šã­ã‚‹,1169897207815753730,2019-09-06 08:56:44,0,1,  ã‚€ã‚Šã­ã‚‹,ham
8,MCO,ãŠã„ã¡ã„â€¦///,@shirokuma_MCO ã‚ˆã‚“ã ï¼Ÿ,1169897184503844864,2019-09-06 08:56:39,0,1,  ã‚ˆã‚“ã ï¼Ÿ,ham
9,MCO,æŠ¹èŒ¶ä¿º,ã§ã‚‚å…¨éƒ¨ã®åˆ—ã«ã‚°ãƒªãƒ å…„å¼ŸãŒã„ã‚‹ã£ã¦è€ƒãˆãŸã‚‰æ‚ªããªã„â€¦ã£ã¦ãªã£ãŸ,1169897168078925824,2019-09-06 08:56:35,0,0,ã§ã‚‚å…¨éƒ¨ã®åˆ—ã«ã‚°ãƒªãƒ å…„å¼ŸãŒã„ã‚‹ã£ã¦è€ƒãˆãŸã‚‰æ‚ªããªã„â€¦ã£ã¦ãªã£ãŸ,ham
10,MCO,æ®ºæˆ®å‹ç´…èŒ¶èŠ±ä¼â¦ ğŸ¾âš ï¸æš´èµ°ä¸­âš ï¸,@Sasamiagechan49 ã“ããã‚Šã‚…ã€œ,1169897162676658176,2019-09-06 08:56:33,0,1,  ã“ããã‚Šã‚…ã€œ,ham
11,MCO,ğŸ£ã´ã‚ˆã¾ã‚‹ã€‚,@Miracl_MiLapule ã»ã‚‰ã­,1169897145501016064,2019-09-06 08:56:29,0,2,  ã»ã‚‰ã­,ham
12,MCO,ğŸ¼ã¿ã”ã¿ã”ğŸ£æµªé€Ÿã®ã—ã‹ã‚ã£é¢ğŸ¾,@shirokuma_MCO å¯ã‚ˆã†ãšï¼,1169897108821794816,2019-09-06 08:56:21,0,1,  å¯ã‚ˆã†ãšï¼,ham
13,MCO,ğŸ£ã´ã‚ˆã¾ã‚‹ã€‚,"RT @mochi19770128: ä»Šã‚¯ãƒ©ãƒ³ä½œã‚‹ãŸã‚ã«ã‚µãƒ–å¢è‚²æˆã—ã¦ã‚‹ã‚“ã§
ä¼šã£ãŸã‚‰æœ¬ç‰©ã ã¨æ€ã£ã¦ãã ã•ã„ï¼ https://t.co/xDQv69WfNw",1169897047593377794,2019-09-06 08:56:06,4,0,   ä»Šã‚¯ãƒ©ãƒ³ä½œã‚‹ãŸã‚ã«ã‚µãƒ–å¢è‚²æˆã—ã¦ã‚‹ã‚“ã§ ä¼šã£ãŸã‚‰æœ¬ç‰©ã ã¨æ€ã£ã¦ãã ã•ã„ï¼,ham
2,EDO,M Wildan Fathoni,@Edo_an9 @kampoeng_milan @MafiaWasit https://t.co/xP3oJIDuSJ,1169897798986153985,2019-09-06 08:59:05,0,0,     ,ham
5,EDO,å®®å´ã®èœ‚ã‚µãƒğŸ@åº•è¾ºçµµå¸«@ãˆã©ã‚Œãªãƒ¼ğŸŒŠğŸ¯ğŸ’œ,"@edo_lena ã‚„ã£ã±ã‚Šæ±Ÿæˆ¸ãƒ¬ãƒŠã¨ã„ãˆã°

ã‚€ã‚‰ã•ã

ã§ã™ã‚ˆã­(///âˆ‡///)ğŸ’œğŸ",1169897734926503936,2019-09-06 08:58:50,0,0,  ã‚„ã£ã±ã‚Šæ±Ÿæˆ¸ãƒ¬ãƒŠã¨ã„ãˆã°  ã‚€ã‚‰ã•ã  ã§ã™ã‚ˆã­(///âˆ‡///)ğŸ’œğŸ,ham
6,EDO,Local Man,"RT @StatiSense: States' Unemployed Count (Q3 2018)

Rivers: 1.7m
A/Ibom: 1.4m
Kano: 1.3m
Lagos: 1.1m
Kaduna: 940.5K
Imo: 880.4K
Delta: 791.â€¦",1169897636079403008,2019-09-06 08:58:26,18,0,   States' Unemployed Count (Q3 2018)  Rivers: 1.7m A/Ibom: 1.4m Kano: 1.3m Lagos: 1.1m Kaduna: 940.5K Imo: 880.4K Delta: 791.â€¦,ham
7,EDO,æ°·çµã“ã‚“ã¶,"@t_ogiri2 ã€Œå—è›®ã‹ï¼ã€ã®ãƒã‚¿ãŒæ”¾é€ã‚³ãƒ¼ãƒ‰ã«ã‹ã‹ã£ãŸ
ã€å¤§å–œåˆ©ã€‘æ±Ÿæˆ¸æ™‚ä»£ã‹ã‚‰ã‚¿ã‚¤ãƒ ã‚¹ãƒªãƒƒãƒ—ã—ãŸãŠä¾æ¼«æ‰å¸«ãŒã‚³ãƒ³ãƒ†ã‚¹ãƒˆã§è½é¸ã—ãŸç†ç”± #og_edo",1169897578239905792,2019-09-06 08:58:12,0,0,  ã€Œå—è›®ã‹ï¼ã€ã®ãƒã‚¿ãŒæ”¾é€ã‚³ãƒ¼ãƒ‰ã«ã‹ã‹ã£ãŸ ã€å¤§å–œåˆ©ã€‘æ±Ÿæˆ¸æ™‚ä»£ã‹ã‚‰ã‚¿ã‚¤ãƒ ã‚¹ãƒªãƒƒãƒ—ã—ãŸãŠä¾æ¼«æ‰å¸«ãŒã‚³ãƒ³ãƒ†ã‚¹ãƒˆã§è½é¸ã—ãŸç†ç”±  ,ham
8,EDO,KoroGMoraza,"RT @BakartxoR: Hondarribian, @Jaizkibel6-aren desfile entsaioan, konpainiak #skolae-ri saria emateko ekitaldia hastear.

Gezurra badirudi eâ€¦",1169897453534896132,2019-09-06 08:57:43,19,0,"   Hondarribian,   desfile entsaioan, konpainiak   saria emateko ekitaldia hastear.  Gezurra badirudi eâ€¦",ham
9,EDO,hayo,RT @aliyaimadudeen: Indonesia 101 by Edo Syahputra on Instagram (1/2) https://t.co/6AH1HL1EF1,1169897434228477953,2019-09-06 08:57:38,4,0,   Indonesia 101 by Edo Syahputra on Instagram (1/2),ham
10,EDO,METROWATCH,Official: Teachers in Edo Are Highly Motivated with Obaseki-led https://t.co/fDAVBj4tRj,1169897412418125824,2019-09-06 08:57:33,0,0,Official: Teachers in Edo Are Highly Motivated with Obaseki-led,ham
12,EDO,JOKER ğŸƒ,@Manyu_tarak Parledhu edo la opinchu mama,1169897381225086977,2019-09-06 08:57:25,0,0,  Parledhu edo la opinchu mama,ham
13,EDO,ãã‚ã‚‰ğŸ‡µğŸ‡¹ğŸ’œ,æ€¥é½ä»Šæ—¥ãƒ©ãƒˆã‚¥ãƒ©ãƒˆã‚¥ã®ãƒã‚¤ã‚¿ãƒƒãƒä¼šã«å‚åŠ ã§ãã‚‹ã“ã¨ã«ãªã£ãŸã®ã§ã™ãŒ ã©ãªãŸã‹å½“æ—¥åˆ¸1æšä»£è¡Œã—ã¦ã„ãŸã ã‘ãªã„ã§ã—ã‚‡ã†ã‹ğŸ˜­,1169897339328184321,2019-09-06 08:57:15,0,0,æ€¥é½ä»Šæ—¥ãƒ©ãƒˆã‚¥ãƒ©ãƒˆã‚¥ã®ãƒã‚¤ã‚¿ãƒƒãƒä¼šã«å‚åŠ ã§ãã‚‹ã“ã¨ã«ãªã£ãŸã®ã§ã™ãŒ ã©ãªãŸã‹å½“æ—¥åˆ¸1æšä»£è¡Œã—ã¦ã„ãŸã ã‘ãªã„ã§ã—ã‚‡ã†ã‹ğŸ˜­,ham
1,CRPT,dinedine,ğŸ˜â¤ï¸,1169884366257811462,2019-09-06 08:05:42,0,1,ğŸ˜â¤ï¸,ham
4,CRPT,ã‚½ãƒ©ã‚½ãƒ©ã•ã‚“/çµµæãå‹‰å¼·,"RT @hyutatatantan: åŸæ›²è¿·å­ãªæ’¥æ¡å°‘å¥³æ™‚è¨ˆä½œã‚Šã¾ã—ãŸã€œ
#ã‚³ãƒ³ãƒ‘ã‚¹
#ã‚³ãƒ³ãƒ‘ã‚¹éŸ³æ¥½ https://t.co/7HCnUodWbx",1169875888747343875,2019-09-06 07:32:01,9,0,   åŸæ›²è¿·å­ãªæ’¥æ¡å°‘å¥³æ™‚è¨ˆä½œã‚Šã¾ã—ãŸã€œ    éŸ³æ¥½,ham
6,CRPT,LowCapWhaleBot,"$Crypto #lowcaps 1H returns

Top performers
$CRPT +6.7%
$GRN +5.5%
$ONE +5.4%

Worst performers
$LINA -16.2%
$FXC -â€¦ https://t.co/TaimvFMYQK",1169873726126444545,2019-09-06 07:23:26,0,0,$Crypto   1H returns  Top performers $CRPT +6.7% $GRN +5.5% $ONE +5.4%  Worst performers $LINA -16.2% $FXC -â€¦,ham
7,CRPT,ã™ãšã›ã‚“,@sorasora3_crpt è‰,1169869849058611205,2019-09-06 07:08:01,0,0,  è‰,ham
8,CRPT,Coin Trading Analytics,"Top 100 avg 1h return: 0.1Â±1.0%; 55 up, 45 down
$BTC 0.0%  $ETH 0.1%
Best:
4.1% $BCN @Bytecoin_BCN
3.7% $LAMBâ€¦ https://t.co/Q8EHrmGmzq",1169867886887702529,2019-09-06 07:00:13,0,0,"Top 100 avg 1h return: 0.1Â±1.0%; 55 up, 45 down $BTC 0.0%  $ETH 0.1% Best: 4.1% $BCN   3.7% $LAMBâ€¦",ham
9,CRPT,ã‚½ãƒ©ã‚½ãƒ©ã•ã‚“/çµµæãå‹‰å¼·,RT @to_a_301: ï½¢ãƒãƒ›ã‚¿ãƒ³ã£ã¦å‘¼ã¶ãªï¼ï½£ https://t.co/20yu045ca3,1169858542162939905,2019-09-06 06:23:06,171,0,   ï½¢ãƒãƒ›ã‚¿ãƒ³ã£ã¦å‘¼ã¶ãªï¼ï½£,ham
11,CRPT,Hinaï¼ ã‚¯ãƒªãƒ—ãƒˆ,ã™ã”ã„ãªã‚“ã¨ãªãã®å˜ç™ºï¼‘å›ã§ãã¦ã—ã¾ã£ãŸ........ https://t.co/zc8bSFG8bg,1169855212028190720,2019-09-06 06:09:52,0,7,ã™ã”ã„ãªã‚“ã¨ãªãã®å˜ç™ºï¼‘å›ã§ãã¦ã—ã¾ã£ãŸ........,ham
10,NEXO,hala,@seyeehun nexo ext door,1169891634013601792,2019-09-06 08:34:35,0,1,  nexo ext door,ham
12,NEXO,CANAMI,@ktrsngofficial ä»Šå›ã‚‚ãªãªã«ãƒ¼é¢ç™½ã‹ã£ãŸã‚ˆ^_^ã€‚ãƒ•ã‚¡ãƒ³ãƒŸã‚‚ã¤ã„ã«åå¤å±‹é£›ã°ã—æ³£ã€‚å²é˜œã«æ ¼å®‰ã®ä¸€ç´šéŸ³éŸ¿æŠ€èƒ½å£«ãŒã„ã‚‹ã®ã§ãŠå½¹ã«ç«‹ã¦ã‚Œã°ä½¿ã£ã¦ä¸‹ã•ã„^_^ã€‚ã©ã“ã§ã‚‚ä»˜ã„ã¦ã„ãã¾ã™ã‚‡ã€‚NEXOã‚‚ã‚ã‚Šã¾ã™ã€‚ã¨ã¯ã„ãˆãƒ•ã‚¡ãƒ³ãƒŸå¬‰ã—ã„æ¥½ã—ã¿å¤§å¥½ãï¼ã‚ã‚ŠãŒã¨ã†^_^ã€‚,1169890848458174464,2019-09-06 08:31:28,0,0,  ä»Šå›ã‚‚ãªãªã«ãƒ¼é¢ç™½ã‹ã£ãŸã‚ˆ^_^ã€‚ãƒ•ã‚¡ãƒ³ãƒŸã‚‚ã¤ã„ã«åå¤å±‹é£›ã°ã—æ³£ã€‚å²é˜œã«æ ¼å®‰ã®ä¸€ç´šéŸ³éŸ¿æŠ€èƒ½å£«ãŒã„ã‚‹ã®ã§ãŠå½¹ã«ç«‹ã¦ã‚Œã°ä½¿ã£ã¦ä¸‹ã•ã„^_^ã€‚ã©ã“ã§ã‚‚ä»˜ã„ã¦ã„ãã¾ã™ã‚‡ã€‚NEXOã‚‚ã‚ã‚Šã¾ã™ã€‚ã¨ã¯ã„ãˆãƒ•ã‚¡ãƒ³ãƒŸå¬‰ã—ã„æ¥½ã—ã¿å¤§å¥½ãï¼ã‚ã‚ŠãŒã¨ã†^_^ã€‚,ham
13,NEXO,Rob Wijnhoven,RT @rasto1973: $NEXO by @NexoFinance has been re-listed on #IDEX https://t.co/Auh3s7EDau https://t.co/MC0tVmkdQz,1169890804342521856,2019-09-06 08:31:17,1,0,   $NEXO by   has been re-listed on  ,ham
0,SXP,ã¬ã—ãˆ,@yy109810 ã‚²ãƒ¬ãƒ³ãƒ‡ãŒæº¶ã‘ã‚‹ã»ã©æ‹ã—ãŸã„,1169887761102360576,2019-09-06 08:19:12,0,0,  ã‚²ãƒ¬ãƒ³ãƒ‡ãŒæº¶ã‘ã‚‹ã»ã©æ‹ã—ãŸã„,ham
1,SXP,Axmed Cabdi ğŸ‡¸ğŸ‡´,@Hubaal_ Waa aragtidiisa sxp lkn always runta waa muhiim ee yaysan nadhibin ee aan wajahno ğŸ˜ğŸ˜ğŸ˜,1169884160007081984,2019-09-06 08:04:53,0,0,  Waa aragtidiisa sxp lkn always runta waa muhiim ee yaysan nadhibin ee aan wajahno ğŸ˜ğŸ˜ğŸ˜,ham
2,SXP,R,ã§ã£ã‹ã„ã‚¯ãƒ©ãƒ–ãƒã‚¦ã‚¹ã‚µãƒ³ãƒ‰ä½œã‚‹ã‚“ã ã‚ã†ãªããƒ­ãƒƒã‚¯å›,1169883825104572416,2019-09-06 08:03:33,0,0,ã§ã£ã‹ã„ã‚¯ãƒ©ãƒ–ãƒã‚¦ã‚¹ã‚µãƒ³ãƒ‰ä½œã‚‹ã‚“ã ã‚ã†ãªããƒ­ãƒƒã‚¯å›,ham
4,SXP,R,RT @syronh2678: ãƒ†ãƒªãƒ¼å‚æˆ¦ã«æ–‡å¥è¨€ã„ã¾ãã£ã¦ã‚‹å¥´ã¯ãƒ†ãƒªãƒ¼ã«è¦ªã§ã‚‚æ®ºã•ã‚ŒãŸã®ã‹ã‚ˆã£ã¦æ›¸ãè¾¼ã¿è¦‹ãŸã‘ã©ãƒ†ãƒªãƒ¼ã«è¦ªçˆ¶ã‚’æ®ºã•ã‚ŒãŸå­ã¯å¤šåˆ†ä»Šé ƒãŠç¥ã„ã®ã”ã¡ãã†ä½œã£ã¦ã‚‹ã¨æ€ã†,1169883714353950720,2019-09-06 08:03:07,3326,0,   ãƒ†ãƒªãƒ¼å‚æˆ¦ã«æ–‡å¥è¨€ã„ã¾ãã£ã¦ã‚‹å¥´ã¯ãƒ†ãƒªãƒ¼ã«è¦ªã§ã‚‚æ®ºã•ã‚ŒãŸã®ã‹ã‚ˆã£ã¦æ›¸ãè¾¼ã¿è¦‹ãŸã‘ã©ãƒ†ãƒªãƒ¼ã«è¦ªçˆ¶ã‚’æ®ºã•ã‚ŒãŸå­ã¯å¤šåˆ†ä»Šé ƒãŠç¥ã„ã®ã”ã¡ãã†ä½œã£ã¦ã‚‹ã¨æ€ã†,ham
8,SXP,R,"RT @gus3_ta28: ãƒ†ãƒªãƒ¼ã®ã‚¹ãƒãƒ–ãƒ©å‚æˆ¦ã§
ã‚«ãƒƒãƒˆã•ã‚ŒãŸã‚·ãƒ¼ãƒ³ãŒã“ã¡ã‚‰ã§ã™ã€‚ https://t.co/K690QBRwLY",1169877193029111809,2019-09-06 07:37:12,396,0,   ãƒ†ãƒªãƒ¼ã®ã‚¹ãƒãƒ–ãƒ©å‚æˆ¦ã§ ã‚«ãƒƒãƒˆã•ã‚ŒãŸã‚·ãƒ¼ãƒ³ãŒã“ã¡ã‚‰ã§ã™ã€‚,ham
9,SXP,â™¡ ãª ã¡ å¤ª éƒ â™¡,@SxP_xx_oO @TOS ã‚‚ã¡ã‚ã‚“ï¼,1169876963428687872,2019-09-06 07:36:18,0,0,    ã‚‚ã¡ã‚ã‚“ï¼,ham
10,SXP,YAM,(å®Œå…¨ã«æãéª¨ã®é‡ã‚’æ¸›ã‚‰ã—ãŸã„æãæ‰‹ã®éƒ½åˆã‚‚å¤šåˆ†ã«å«ã¾ã‚Œã¾ã™),1169866657629532160,2019-09-06 06:55:20,0,0,(å®Œå…¨ã«æãéª¨ã®é‡ã‚’æ¸›ã‚‰ã—ãŸã„æãæ‰‹ã®éƒ½åˆã‚‚å¤šåˆ†ã«å«ã¾ã‚Œã¾ã™),ham
11,SXP,YAM,ã¸ã£ã¸ã¸â€¦å…„ã€å¿…è¦ãªã¨ã“ã ã‘è„±ã„ã§ã¾ã™â€¦â€¦ã¡ãªã¿ã«æ‰‹ã¯ã‚¿ãƒã‚·ã‚¤è§¦ã‚‹ãŸã‚ã«å·¦æ‰‹ã ã‘æ‰‹è¢‹è„±ã„ã§å³æ‰‹ã¯ä»˜ã‘ã£æ”¾ã—ã§äº‹ãŒé€²ã¿ã¾ã™â€¦â€¦ä¸€æ–¹ãƒ‘ãƒ”ãƒ«ã‚¹ã¯é´ã‚‚ã‚¿ã‚¤ãƒ„ã‚‚å…¨éƒ¨è„±ã„ã§ã„ã‚‹,1169866463382949888,2019-09-06 06:54:34,0,4,ã¸ã£ã¸ã¸â€¦å…„ã€å¿…è¦ãªã¨ã“ã ã‘è„±ã„ã§ã¾ã™â€¦â€¦ã¡ãªã¿ã«æ‰‹ã¯ã‚¿ãƒã‚·ã‚¤è§¦ã‚‹ãŸã‚ã«å·¦æ‰‹ã ã‘æ‰‹è¢‹è„±ã„ã§å³æ‰‹ã¯ä»˜ã‘ã£æ”¾ã—ã§äº‹ãŒé€²ã¿ã¾ã™â€¦â€¦ä¸€æ–¹ãƒ‘ãƒ”ãƒ«ã‚¹ã¯é´ã‚‚ã‚¿ã‚¤ãƒ„ã‚‚å…¨éƒ¨è„±ã„ã§ã„ã‚‹,ham
12,SXP,YAM,RT @maple_sptl: ã“ã®å¼Ÿãã‚“ã€ãŠå…„ã•ã‚“ã‚’æŠ±ãæ™‚ã¯é´ä¸‹ã ã‘ã¯æ®‹ã—ã¦ãŠãã®ã‹â€¦â€¦æ„å¤–ã¨ãƒãƒ‹ã‚¢ãƒƒã‚¯ã•ã‚“ã ãªâ€¦â€¦ã¨ãƒ‹ã‚³ãƒ‹ã‚³ã«ãªã‚Šã¾ã—ãŸ,1169865809574842369,2019-09-06 06:51:58,1,0,   ã“ã®å¼Ÿãã‚“ã€ãŠå…„ã•ã‚“ã‚’æŠ±ãæ™‚ã¯é´ä¸‹ã ã‘ã¯æ®‹ã—ã¦ãŠãã®ã‹â€¦â€¦æ„å¤–ã¨ãƒãƒ‹ã‚¢ãƒƒã‚¯ã•ã‚“ã ãªâ€¦â€¦ã¨ãƒ‹ã‚³ãƒ‹ã‚³ã«ãªã‚Šã¾ã—ãŸ,ham
13,SXP,YAM,ãŠèŒ¶è«‹ã‘ã§ï¼ï¼Ÿï¼ï¼Ÿ(ç¬‘ã„ã¾ã—ãŸ),1169863063673028608,2019-09-06 06:41:04,0,1,ãŠèŒ¶è«‹ã‘ã§ï¼ï¼Ÿï¼ï¼Ÿ(ç¬‘ã„ã¾ã—ãŸ),ham
14,SXP,R,RT @uchisama2010: ã€æ¬¡å›äºˆå‘Šã€‘#323 å†…ã•ã¾çœŸå¤ã®æ’ä¾‹è¡Œäº‹ã€å¤§è‡ªç„¶ã‚¯ã‚¤ã‚ºã‚’ä»Šå¹´ã‚‚é–‹å‚¬ï¼ãƒ‘ãƒ©éƒ¨å…¨é¢å”åŠ›ã®ã‚‚ã¨ä½œæˆã•ã‚ŒãŸã€ãƒ‘ãƒ©éƒ¨ã®å«ã‚¯ã‚¤ã‚ºã‚„ã€ã€Œã‚­ãƒ³ã‚°ãƒ€ãƒ ã€ã®ä½œè€…ã€åŸå…ˆç”Ÿã«ã‚ˆã‚‹è¶…è²´é‡ãªã‚¯ã‚¤ã‚ºå•é¡Œãªã©ç‰¹åˆ¥å•é¡ŒãŒç››ã‚Šã ãã•ã‚“ï¼ã‚ªã‚¸ã‚µãƒ³é”ã®å¸Œæœ›ã«ã‚ˆã£ã¦å°å…¥ã•ã‚ŒãŸè¬ã®ã€Œâ€¦,1169853083603464194,2019-09-06 06:01:24,198,0,     å†…ã•ã¾çœŸå¤ã®æ’ä¾‹è¡Œäº‹ã€å¤§è‡ªç„¶ã‚¯ã‚¤ã‚ºã‚’ä»Šå¹´ã‚‚é–‹å‚¬ï¼ãƒ‘ãƒ©éƒ¨å…¨é¢å”åŠ›ã®ã‚‚ã¨ä½œæˆã•ã‚ŒãŸã€ãƒ‘ãƒ©éƒ¨ã®å«ã‚¯ã‚¤ã‚ºã‚„ã€ã€Œã‚­ãƒ³ã‚°ãƒ€ãƒ ã€ã®ä½œè€…ã€åŸå…ˆç”Ÿã«ã‚ˆã‚‹è¶…è²´é‡ãªã‚¯ã‚¤ã‚ºå•é¡Œãªã©ç‰¹åˆ¥å•é¡ŒãŒç››ã‚Šã ãã•ã‚“ï¼ã‚ªã‚¸ã‚µãƒ³é”ã®å¸Œæœ›ã«ã‚ˆã£ã¦å°å…¥ã•ã‚ŒãŸè¬ã®ã€Œâ€¦,ham
5,DROP,drop-in,"ç™½å´æµ·å²¸ã¨ã„ã¡ã”ç‹©ã‚Šã‚µã‚¤ã‚¯ãƒªãƒ³ã‚°ä¸‹è¦‹â‘¢P9060021 / https://t.co/rI8XqZfHTB / ç™½å´æµ·å²¸ã¨ã„ã¡ã”ç‹©ã‚Šã‚µã‚¤ã‚¯ãƒªãƒ³ã‚°ä¸‹è¦‹â‘¢P9060021

ç™½å´æµ·å²¸. https://t.co/7E9DRqy2uc",1169898015584206850,2019-09-06 08:59:57,0,0,ç™½å´æµ·å²¸ã¨ã„ã¡ã”ç‹©ã‚Šã‚µã‚¤ã‚¯ãƒªãƒ³ã‚°ä¸‹è¦‹â‘¢P9060021 /   / ç™½å´æµ·å²¸ã¨ã„ã¡ã”ç‹©ã‚Šã‚µã‚¤ã‚¯ãƒªãƒ³ã‚°ä¸‹è¦‹â‘¢P9060021  ç™½å´æµ·å²¸.,ham
13,DROP,drop-in,"ç™½å´æµ·å²¸ã¨ã„ã¡ã”ç‹©ã‚Šã‚µã‚¤ã‚¯ãƒªãƒ³ã‚°ä¸‹è¦‹â‘¡P9060018 / https://t.co/fsFHE3P9Tc / ç™½å´æµ·å²¸ã¨ã„ã¡ã”ç‹©ã‚Šã‚µã‚¤ã‚¯ãƒªãƒ³ã‚°ä¸‹è¦‹â‘¡P9060018

ç™½å´æµ·å²¸. https://t.co/wCqYJrT6IK",1169898005211672576,2019-09-06 08:59:54,0,0,ç™½å´æµ·å²¸ã¨ã„ã¡ã”ç‹©ã‚Šã‚µã‚¤ã‚¯ãƒªãƒ³ã‚°ä¸‹è¦‹â‘¡P9060018 /   / ç™½å´æµ·å²¸ã¨ã„ã¡ã”ç‹©ã‚Šã‚µã‚¤ã‚¯ãƒªãƒ³ã‚°ä¸‹è¦‹â‘¡P9060018  ç™½å´æµ·å²¸.,ham
0,MCO,æ®ºæˆ®å‹ç´…èŒ¶èŠ±ä¼â¦ ğŸ¾âš ï¸æš´èµ°ä¸­âš ï¸,@Sasamiagechan49 ãƒŸãƒã‚³ã®ãƒãƒ¥ãƒ¼ãƒˆãƒªã‚¢ãƒ«ã®çœŸä¼¼,1169899079960125449,2019-09-06 09:04:10,0,0,  ãƒŸãƒã‚³ã®ãƒãƒ¥ãƒ¼ãƒˆãƒªã‚¢ãƒ«ã®çœŸä¼¼,ham
2,MCO,è‡ªçˆ†@ã½ã™æ¨ã—(å˜˜),"ãƒ¦ãƒ‹ã‚¯ãƒ­ã»ã‚“ã¨ã„ã„ã¨æ€ã„ã¾ã™ã€‚
è¦‹ã¦ã‚‹ã ã‘ã§çµæ§‹å¹¸ã› 

#peing #è³ªå•ç®± https://t.co/Se8lj3RYM3",1169898991883976704,2019-09-06 09:03:49,0,0,ãƒ¦ãƒ‹ã‚¯ãƒ­ã»ã‚“ã¨ã„ã„ã¨æ€ã„ã¾ã™ã€‚ è¦‹ã¦ã‚‹ã ã‘ã§çµæ§‹å¹¸ã›     ,ham
3,MCO,ãŸã‚ã‚‰ã‚“ã¨,ã€é€Ÿå ±ã€‘Tyrantæ°æ°—åˆã„ã§ã‚·ãƒ£ãƒ¼ãƒšãƒ³ã‚’æ²»ã™ https://t.co/TIcn17LT9D,1169898961412317187,2019-09-06 09:03:42,0,0,ã€é€Ÿå ±ã€‘Tyrantæ°æ°—åˆã„ã§ã‚·ãƒ£ãƒ¼ãƒšãƒ³ã‚’æ²»ã™,ham
4,MCO,ã‚¨ãƒ ã‚³ãƒ•ã‚¡ãƒŸãƒªãƒ¼,ã‚°ãƒ¬ãƒ¼ãƒ—ã‚¹ï¼šã€€ãµã‚‰ãµã‚‰ã¨ã€æ”¾æµªã—ã¦ã„ã‚‹ã¨ã€ã„ã‚ã‚“ãªç™ºè¦‹ãŒã‚ã‚‹ãœã€€ãã‚“ãªã¨ã“ã«é–‰ã˜ã“ã‚‚ã£ã¦ãªã„ã§ã€ãã¿ã‚‚æ”¾æµªã—ã¦ã¿ãªã‚ˆ,1169898920790487045,2019-09-06 09:03:33,0,0,ã‚°ãƒ¬ãƒ¼ãƒ—ã‚¹ï¼šã€€ãµã‚‰ãµã‚‰ã¨ã€æ”¾æµªã—ã¦ã„ã‚‹ã¨ã€ã„ã‚ã‚“ãªç™ºè¦‹ãŒã‚ã‚‹ãœã€€ãã‚“ãªã¨ã“ã«é–‰ã˜ã“ã‚‚ã£ã¦ãªã„ã§ã€ãã¿ã‚‚æ”¾æµªã—ã¦ã¿ãªã‚ˆ,ham
5,MCO,è‡ªçˆ†@ã½ã™æ¨ã—(å˜˜),"å£ãŒå¼•ãã»ã©æ‚ªã„ã§ã™
ãã“ãŒè‡ªåˆ†ã®ç‰¹å¾´ã§ã‚ã‚Šæ‚ªã„ã¨ã“ã‚ã§ã™ã‹ã­w 

#peing #è³ªå•ç®± https://t.co/fCEblTB9bG",1169898836262707201,2019-09-06 09:03:12,0,0,å£ãŒå¼•ãã»ã©æ‚ªã„ã§ã™ ãã“ãŒè‡ªåˆ†ã®ç‰¹å¾´ã§ã‚ã‚Šæ‚ªã„ã¨ã“ã‚ã§ã™ã‹ã­w     ,ham
6,MCO,è‡ªçˆ†@ã½ã™æ¨ã—(å˜˜),"è‡ªåˆ†ã¯æ–°å¹¹ç·šã®æ–¹ãŒä½¿ã†ã‚ˆã†ãªï¼Ÿ 

#peing #è³ªå•ç®± https://t.co/G58CLjUgYw",1169898522197426176,2019-09-06 09:01:58,0,0,è‡ªåˆ†ã¯æ–°å¹¹ç·šã®æ–¹ãŒä½¿ã†ã‚ˆã†ãªï¼Ÿ     ,ham
7,MCO,æ ªå¼ä¼šç¤¾ãƒŸãƒ¨ã‚· a.k.a. MCOã€å…¬å¼ã€‘,"@seki_koe_nodo ãƒ’ãƒƒâ€¦ï¼æç¸®ã§ã™ï¼
çµå±€é§„æ´’è½ã«ãªã£ã¦ã—ã¾ã„ã¾ã—ãŸğŸ˜­ğŸ˜­ğŸ˜­",1169898441402535936,2019-09-06 09:01:38,0,0,  ãƒ’ãƒƒâ€¦ï¼æç¸®ã§ã™ï¼ çµå±€é§„æ´’è½ã«ãªã£ã¦ã—ã¾ã„ã¾ã—ãŸğŸ˜­ğŸ˜­ğŸ˜­,ham
8,MCO,ã¾ãªãŸã¾ã¡ã‚ƒã‚“ğŸ,@Miracl_MiLapule é¤Œã«é£Ÿã„ã¤ãçŒ¿,1169898415821488135,2019-09-06 09:01:32,0,1,  é¤Œã«é£Ÿã„ã¤ãçŒ¿,ham
9,MCO,æ ªå¼ä¼šç¤¾ãƒŸãƒ¨ã‚· a.k.a. MCOã€å…¬å¼ã€‘,"@hapinavi ã„ã‚„ã‚“ï¼ã‚¿ãƒ”ã£ã¦ã‚‰ã—ãŸã‚“ã§ã™ã­ğŸ˜­ğŸ˜­ğŸ˜­ğŸ˜­ã†ã‚‰ã‚„ã¾ã—ã„â€¦ï¼
ä»Šæ—¥ã¯ãŠä¼šã„ã§ãã¦å¬‰ã—ã‹ã£ãŸã§ã™ğŸ˜ŠãŠåœŸç”£ã‚‚ã‚ã‚ŠãŒã¨ã†ã”ã–ã„ã¾ã—ãŸï¼",1169898278642520064,2019-09-06 09:00:59,0,0,  ã„ã‚„ã‚“ï¼ã‚¿ãƒ”ã£ã¦ã‚‰ã—ãŸã‚“ã§ã™ã­ğŸ˜­ğŸ˜­ğŸ˜­ğŸ˜­ã†ã‚‰ã‚„ã¾ã—ã„â€¦ï¼ ä»Šæ—¥ã¯ãŠä¼šã„ã§ãã¦å¬‰ã—ã‹ã£ãŸã§ã™ğŸ˜ŠãŠåœŸç”£ã‚‚ã‚ã‚ŠãŒã¨ã†ã”ã–ã„ã¾ã—ãŸï¼,ham
11,MCO,ğŸ¾à®œâ¦â–³â–¼â–³ã€é’æ˜¥ã‚µãƒ¯ãƒ¼ã‚ºv(ãƒ»âˆ€ãƒ»*)ã€@ã‚‰ãƒ¼ãã‚“[Î©æ”¹],@S__Frandle @ume_chazukk ãƒ‹ãƒ¼ãƒˆã«å‘ã‘ã¦ã®ä¸€è¨€,1169898216440991745,2019-09-06 09:00:45,0,1,    ãƒ‹ãƒ¼ãƒˆã«å‘ã‘ã¦ã®ä¸€è¨€,ham
12,MCO,Coin Trading Analytics,"Top 100 avg 1h return: -0.2Â±2.2%; 31 up, 68 down
$BTC -0.1%  $ETH -0.0%
Best:
8.8% $BCN @Bytecoin_BCN
5.0% $VSYSâ€¦ https://t.co/8s3eK9UtrH",1169898080717590531,2019-09-06 09:00:12,0,0,"Top 100 avg 1h return: -0.2Â±2.2%; 31 up, 68 down $BTC -0.1%  $ETH -0.0% Best: 8.8% $BCN   5.0% $VSYSâ€¦",ham
2,EDO,æ±Ÿæˆ¸âœÂ®,@s14141515 ä¿ºã‚‚ã ã¹ğŸ˜’ğŸ˜…,1169898945809506304,2019-09-06 09:03:39,0,0,  ä¿ºã‚‚ã ã¹ğŸ˜’ğŸ˜…,ham
10,EDO,ï½´ï¾„ï¾,æˆé•·æœŸåˆã£ã¦ãŸã‚‰ã†ã‚Œã—ã„ã‘ã©,1169898588979089408,2019-09-06 09:02:13,0,0,æˆé•·æœŸåˆã£ã¦ãŸã‚‰ã†ã‚Œã—ã„ã‘ã©,ham
12,EDO,ï½´ï¾„ï¾,ã‚‚ã†ã—ã‚‰ã‚“ã§,1169898473514098688,2019-09-06 09:01:46,0,0,ã‚‚ã†ã—ã‚‰ã‚“ã§,ham
14,EDO,ï½´ï¾„ï¾,ã¯ã€TACå¤§åŸã‚ˆã‚Šã•ã‚‰ã«ãƒœãƒ¼ãƒ€ãƒ¼æš´èµ°ã—ã¨ã‚‹ã‚„ã‚“,1169898429343883264,2019-09-06 09:01:35,0,0,ã¯ã€TACå¤§åŸã‚ˆã‚Šã•ã‚‰ã«ãƒœãƒ¼ãƒ€ãƒ¼æš´èµ°ã—ã¨ã‚‹ã‚„ã‚“,ham
0,CRPT,é®é‚£ç‹@ã‚¯ãƒªãƒ—ãƒˆï¼†ãƒ¢ãƒ³ã‚¹ãƒˆ,ç„¡æ–™ã¯â˜†3ãŒå¤§é‡ã§ã—ãŸÊ¸áµ‰áµƒÊ°( á›âœŒï¸) https://t.co/oI3WZTFAKi,1169898379461050368,2019-09-06 09:01:23,0,0,ç„¡æ–™ã¯â˜†3ãŒå¤§é‡ã§ã—ãŸÊ¸áµ‰áµƒÊ°( á›âœŒï¸),ham
3,NEXO,Coin Trading Analytics,"Top 100 avg 24h return: -0.5Â±6.8%; 32 up, 68 down
$BTC 1.4%  $ETH 0.4%
Best:
50.6% $XMX @XMax_io
21.1% $REPâ€¦ https://t.co/mVc0klyGuH",1169898074967199745,2019-09-06 09:00:11,0,0,"Top 100 avg 24h return: -0.5Â±6.8%; 32 up, 68 down $BTC 1.4%  $ETH 0.4% Best: 50.6% $XMX   21.1% $REPâ€¦",ham
