,Company Name,Author Name,Text,Message ID,Published At,Retweet Count,Favorite Count
0,CHSB,ã‚¹ã‚¤ã‚¹ãƒãƒ¼ã‚°,"RT @klortu868o: https://t.co/UVhiLrNgMb
è‰²ã‚“ãªæ„å‘³ã§è©±é¡Œï½—ã®ã‚¹ã‚¤ã‚¹ãƒœãƒ¼ã‚°ã®ç¤¾é•·ãŒæ—¥æœ¬å‘ã‘ã®èª¬æ˜ä¼šã‚„ã£ã¦ã„ã¾ã™ã­ãƒ¼ï½—ï½—
è‰²ã€…æ–‡å¥ã‚’è¨€ã„ãŸã„äººãŒå¤šã„ã¨æ€ã†ã®ã§ã€ã‚ˆã‹ã£ãŸã‚‰ã©ã†ãï¼ï¼
$CHSB #ä»®æƒ³é€šè²¨ #ICO",1169771357841739776,2019-09-06 00:36:39,1,0
1,CHSB,Schrute Buck,What do you guys think will happen to $CHZ @Chiliz when it starts trading on Binance?  $INS $BTC $DAG $MATIC $WANâ€¦ https://t.co/2OCWDMo5ve,1169741626136236036,2019-09-05 22:38:31,0,0
2,CHSB,Crypto squawk,Since 6 pmÂ Chiliz $CHZ has increased by 14.85% (chart L) andÂ SwissBorg $CHSB by 16.49% (chart R). Crypto markets enâ€¦ https://t.co/4Unu5giEv6,1169737922603573248,2019-09-05 22:23:48,0,1
3,CHSB,Bablu,"RT @AirdropDet: ğŸ” New #Airdrop: Swissborg

ğŸ’² Total reward: Up to 1750 CHSB[~$15]+ 3k points per referral+$500k worth of BTC (for 20,000 useâ€¦",1169723051895771136,2019-09-05 21:24:42,55,0
4,CHSB,CryptoMonitorğŸ”” [Realtime alerts & MultiConverter],$CHSB ğŸš€ 23 +24.21%  ğŸ• in the last 24 hours ğŸ’µ BTC 0.00000118 / USD 0.0124 ğŸ”” ğŸ”´ #Crypto #ToTheMoon #CHSB Telegram Bot â¬‡ https://t.co/kFkLc8wL9e,1169667772281962499,2019-09-05 17:45:02,0,0
5,CHSB,CryptoMonitorğŸ”” [Realtime alerts & MultiConverter],$CHSB ğŸš€ 12 +12.63%  ğŸ• in the last 24 hours ğŸ’µ BTC 0.00000107 / USD 0.0112 ğŸ”” #CHSB Telegram Bot â¬‡ https://t.co/kFkLc8wL9e,1169658710505000960,2019-09-05 17:09:02,0,0
6,CHSB,AlertDrop,"SWISSBORG AIRDROPğŸ“£ğŸŒŸğŸŒŸğŸŒŸğŸŒŸğŸŒŸ
ğŸ’°up to $1654 in $BTC + $75 in #CHSB

ğŸ”¹ï¸$51M sold in #ICO
ğŸ”¹ï¸ğŸ“ŒClick link ğŸ“ŒDownload app

â—ğŸ“ŒUseâ€¦ https://t.co/DfidjbrNCj",1169658169968271360,2019-09-05 17:06:53,0,0
7,CHSB,VentureDrop,"SWISSBORG AIRDROPğŸ“£ğŸŒŸğŸŒŸğŸŒŸğŸŒŸğŸŒŸ
ğŸ’°up to $1654 in $BTC + $75 in #CHSB

ğŸ”¹ï¸$51M sold in #ICO
ğŸ”¹ï¸ğŸ“ŒClick link ğŸ“ŒDownload app

â—ğŸ“ŒUseâ€¦ https://t.co/pCRWD1YwWp",1169658057552465920,2019-09-05 17:06:26,0,0
8,CHSB,VentureDrop,"RT @VentureDrop: SWISSBORG AIRDROPğŸ“£ğŸŒŸğŸŒŸğŸŒŸğŸŒŸğŸŒŸ
ğŸ’°up to $1654 in $BTC + $75 in #CHSB

ğŸ”¹ï¸$51M sold in #ICO
ğŸ”¹ï¸ğŸ“ŒClick link ğŸ“ŒDownload app

â—ğŸ“ŒUse this câ€¦",1169639475879849984,2019-09-05 15:52:36,1,0
9,CHSB,AlertDrop,"RT @alertdropp: SWISSBORG AIRDROPğŸ“£ğŸŒŸğŸŒŸğŸŒŸğŸŒŸğŸŒŸ
ğŸ’°up to $1654 in $BTC + $75 in #CHSB

ğŸ”¹ï¸$51M sold in #ICO
ğŸ”¹ï¸ğŸ“ŒClick link ğŸ“ŒDownload app

â—ğŸ“ŒUse this coâ€¦",1169639374000144385,2019-09-05 15:52:12,1,0
10,CHSB,Jodi Pamungkas,"RT @AirdropDet: ğŸ” New #Airdrop: Swissborg

ğŸ’² Total reward: Up to 1750 CHSB[~$15]+ 3k points per referral+$500k worth of BTC (for 20,000 useâ€¦",1169550009332686848,2019-09-05 09:57:06,55,0
11,CHSB,AlertDrop,"SWISSBORG AIRDROPğŸ“£ğŸŒŸğŸŒŸğŸŒŸğŸŒŸğŸŒŸ
ğŸ’°up to $1654 in $BTC + $75 in #CHSB

ğŸ”¹ï¸$51M sold in #ICO
ğŸ”¹ï¸ğŸ“ŒClick link ğŸ“ŒDownload app

â—ğŸ“ŒUseâ€¦ https://t.co/nQ0jHpSqVM",1169523965427093504,2019-09-05 08:13:36,1,1
12,CHSB,VentureDrop,"SWISSBORG AIRDROPğŸ“£ğŸŒŸğŸŒŸğŸŒŸğŸŒŸğŸŒŸ
ğŸ’°up to $1654 in $BTC + $75 in #CHSB

ğŸ”¹ï¸$51M sold in #ICO
ğŸ”¹ï¸ğŸ“ŒClick link ğŸ“ŒDownload app

â—ğŸ“ŒUseâ€¦ https://t.co/qRA5XNFOQH",1169523552355328000,2019-09-05 08:11:58,1,0
13,CHSB,rudi_algibran,"RT @VentureDrop: SWISSBORG AIRDROPğŸ“£ğŸŒŸğŸŒŸğŸŒŸğŸŒŸğŸŒŸ
ğŸ’°up to $1654 in $BTC + $75 in #CHSB

ğŸ”¹ï¸$51M sold in #ICO
ğŸ”¹ï¸ğŸ“ŒClick link ğŸ“ŒDownload app

â—ğŸ“ŒUse this câ€¦",1169386005004029953,2019-09-04 23:05:24,3,0
14,CHSB,AlertDrop,"RT @alertdropp: SWISSBORG AIRDROPğŸ“£ğŸŒŸğŸŒŸğŸŒŸğŸŒŸğŸŒŸ
ğŸ’°up to $1654 in $BTC + $75 in #CHSB

ğŸ”¹ï¸$51M sold in #ICO
ğŸ”¹ï¸ğŸ“ŒClick link ğŸ“ŒDownload app

â—ğŸ“ŒUse this coâ€¦",1169382164246540288,2019-09-04 22:50:08,2,0
0,MCO,æ®ºæˆ®å‹ç´…èŒ¶èŠ±ä¼â¦ ğŸ¾âš ï¸æš´èµ°ä¸­âš ï¸,@Sasamiagechan49 ãƒŸãƒã‚³ã®ãƒãƒ¥ãƒ¼ãƒˆãƒªã‚¢ãƒ«ã®çœŸä¼¼,1169899079960125449,2019-09-06 09:04:10,0,0
1,MCO,Eleven â™¡,RT @chachazerr: Sâ€™IL VOUS PLAÃT JE RECHERCHE URGEMMENT ( IL ME RESTE 10JOURS ) UNE ALTERNANCE A POITIERS POUR UN BTS MCO (COMMERCE) Merci dâ€¦,1169899074662780929,2019-09-06 09:04:09,85,0
2,MCO,è‡ªçˆ†@ã½ã™æ¨ã—(å˜˜),"ãƒ¦ãƒ‹ã‚¯ãƒ­ã»ã‚“ã¨ã„ã„ã¨æ€ã„ã¾ã™ã€‚
è¦‹ã¦ã‚‹ã ã‘ã§çµæ§‹å¹¸ã› 

#peing #è³ªå•ç®± https://t.co/Se8lj3RYM3",1169898991883976704,2019-09-06 09:03:49,0,0
3,MCO,ãŸã‚ã‚‰ã‚“ã¨,ã€é€Ÿå ±ã€‘Tyrantæ°æ°—åˆã„ã§ã‚·ãƒ£ãƒ¼ãƒšãƒ³ã‚’æ²»ã™ https://t.co/TIcn17LT9D,1169898961412317187,2019-09-06 09:03:42,0,0
4,MCO,ã‚¨ãƒ ã‚³ãƒ•ã‚¡ãƒŸãƒªãƒ¼,ã‚°ãƒ¬ãƒ¼ãƒ—ã‚¹ï¼šã€€ãµã‚‰ãµã‚‰ã¨ã€æ”¾æµªã—ã¦ã„ã‚‹ã¨ã€ã„ã‚ã‚“ãªç™ºè¦‹ãŒã‚ã‚‹ãœã€€ãã‚“ãªã¨ã“ã«é–‰ã˜ã“ã‚‚ã£ã¦ãªã„ã§ã€ãã¿ã‚‚æ”¾æµªã—ã¦ã¿ãªã‚ˆ,1169898920790487045,2019-09-06 09:03:33,0,0
5,MCO,è‡ªçˆ†@ã½ã™æ¨ã—(å˜˜),"å£ãŒå¼•ãã»ã©æ‚ªã„ã§ã™
ãã“ãŒè‡ªåˆ†ã®ç‰¹å¾´ã§ã‚ã‚Šæ‚ªã„ã¨ã“ã‚ã§ã™ã‹ã­w 

#peing #è³ªå•ç®± https://t.co/fCEblTB9bG",1169898836262707201,2019-09-06 09:03:12,0,0
6,MCO,è‡ªçˆ†@ã½ã™æ¨ã—(å˜˜),"è‡ªåˆ†ã¯æ–°å¹¹ç·šã®æ–¹ãŒä½¿ã†ã‚ˆã†ãªï¼Ÿ 

#peing #è³ªå•ç®± https://t.co/G58CLjUgYw",1169898522197426176,2019-09-06 09:01:58,0,0
7,MCO,æ ªå¼ä¼šç¤¾ãƒŸãƒ¨ã‚· a.k.a. MCOã€å…¬å¼ã€‘,"@seki_koe_nodo ãƒ’ãƒƒâ€¦ï¼æç¸®ã§ã™ï¼
çµå±€é§„æ´’è½ã«ãªã£ã¦ã—ã¾ã„ã¾ã—ãŸğŸ˜­ğŸ˜­ğŸ˜­",1169898441402535936,2019-09-06 09:01:38,0,0
8,MCO,ã¾ãªãŸã¾ã¡ã‚ƒã‚“ğŸ,@Miracl_MiLapule é¤Œã«é£Ÿã„ã¤ãçŒ¿,1169898415821488135,2019-09-06 09:01:32,0,1
9,MCO,æ ªå¼ä¼šç¤¾ãƒŸãƒ¨ã‚· a.k.a. MCOã€å…¬å¼ã€‘,"@hapinavi ã„ã‚„ã‚“ï¼ã‚¿ãƒ”ã£ã¦ã‚‰ã—ãŸã‚“ã§ã™ã­ğŸ˜­ğŸ˜­ğŸ˜­ğŸ˜­ã†ã‚‰ã‚„ã¾ã—ã„â€¦ï¼
ä»Šæ—¥ã¯ãŠä¼šã„ã§ãã¦å¬‰ã—ã‹ã£ãŸã§ã™ğŸ˜ŠãŠåœŸç”£ã‚‚ã‚ã‚ŠãŒã¨ã†ã”ã–ã„ã¾ã—ãŸï¼",1169898278642520064,2019-09-06 09:00:59,0,0
10,MCO,Juan Alvarez,"RT @MalagaLegends: ğŸ“¢Desde @MalagaLegends estamos buscando un MCO jugon y puro con experiencia, juego asiciativo. En 352
Interesados MD o coâ€¦",1169898268886568960,2019-09-06 09:00:57,4,0
11,MCO,ğŸ¾à®œâ¦â–³â–¼â–³ã€é’æ˜¥ã‚µãƒ¯ãƒ¼ã‚ºv(ãƒ»âˆ€ãƒ»*)ã€@ã‚‰ãƒ¼ãã‚“[Î©æ”¹],@S__Frandle @ume_chazukk ãƒ‹ãƒ¼ãƒˆã«å‘ã‘ã¦ã®ä¸€è¨€,1169898216440991745,2019-09-06 09:00:45,0,1
12,MCO,Coin Trading Analytics,"Top 100 avg 1h return: -0.2Â±2.2%; 31 up, 68 down
$BTC -0.1%  $ETH -0.0%
Best:
8.8% $BCN @Bytecoin_BCN
5.0% $VSYSâ€¦ https://t.co/8s3eK9UtrH",1169898080717590531,2019-09-06 09:00:12,0,0
13,MCO,Ayudas_clubes,"RT @MalagaLegends: ğŸ“¢Desde @MalagaLegends estamos buscando un MCO jugon y puro con experiencia, juego asiciativo. En 352
Interesados MD o coâ€¦",1169897791675494400,2019-09-06 08:59:03,4,0
14,MCO,æ ªå¼ä¼šç¤¾ãƒŸãƒ¨ã‚· a.k.a. MCOã€å…¬å¼ã€‘,"@hapinavi ã‚ªãƒ¼ãƒ«ã‚«ãƒ©ãƒ¼ã§ã‚ã¡ã‚ƒãã¡ã‚ƒèª­ã¿å¿œãˆã‚ã‚Šã¾ã—ãŸâ€¼ï¸æƒœã—ã‚€ã‚‰ãã¯ã™ãã«ãŠåº—ã«ã„ã‘ãªã„ã“ã¨ï½—â†
ã“ã‚Œã¯åå¤å±‹ã®é­…åŠ›ãŒè©°ã¾ã‚Šã™ãã§ã™ã­â€¦ï¼",1169897776219484161,2019-09-06 08:59:00,0,1
0,EDO,ğ„ğğ¨ğšğ«ğğ¨,@canegallofede | Au pire prends-en un oÃ¹ ils vont Edo et Fede mais tu coupes la partie de Edo ?,1169899062130167808,2019-09-06 09:04:06,0,0
1,EDO,Abdulghaniy,"RT @StatiSense: States' Unemployed Count (Q3 2018)

Rivers: 1.7m
A/Ibom: 1.4m
Kano: 1.3m
Lagos: 1.1m
Kaduna: 940.5K
Imo: 880.4K
Delta: 791.â€¦",1169899004726923264,2019-09-06 09:03:53,20,0
2,EDO,æ±Ÿæˆ¸âœÂ®,@s14141515 ä¿ºã‚‚ã ã¹ğŸ˜’ğŸ˜…,1169898945809506304,2019-09-06 09:03:39,0,0
3,EDO,IEğŸ’”ğŸ¦…,"Whatâ€™s ur tribe and can u speak the language â€” Half Yoruba, half Edo, and nah but I really wanna learn tbh https://t.co/YWWcrmrJOl",1169898919846744064,2019-09-06 09:03:32,0,0
4,EDO,Vicfly,"RT @INAC_Venezuela: #5Sep || Pdte #INAC Cnel Freddy Borges, acompaÃ±ado de los Gerentes de la instituciÃ³n, realiza recorrido de inspecciÃ³n pâ€¦",1169898827295232001,2019-09-06 09:03:10,44,0
5,EDO,MinMujer Apure,"RT @ZonaEducApure: Fiesta EducativağŸ«ğŸŠğŸ’ƒğŸ¤¡ğŸ¤¹â€â™‚ï¸|| En el 5to dÃ­a de Plan #AgostoEscuelasAbiertas 2019 en la Sede EEIB Sendero de Luz, con pintacâ€¦",1169898797897355264,2019-09-06 09:03:03,14,0
6,EDO,MinMujer Apure,RT @ZonaEducApure: ğŸ«ğŸŠğŸ¤¸â€â™‚ï¸ğŸ¨|| NiÃ±os y niÃ±as disfrutan estusiasmados con sus recreadores el Plan #AgostoEscuelasAbiertas por la Paz desde laâ€¦,1169898766997938176,2019-09-06 09:02:56,14,0
7,EDO,Ibidolapo,"RT @StatiSense: States' Unemployed Count (Q3 2018)

Rivers: 1.7m
A/Ibom: 1.4m
Kano: 1.3m
Lagos: 1.1m
Kaduna: 940.5K
Imo: 880.4K
Delta: 791.â€¦",1169898748215824392,2019-09-06 09:02:51,20,0
8,EDO,Om edo,"@BuuloloArianto Berkali-kali studi banding ke luar negeri hsl nya gada jd tujuan sbnrnya cuma jln "" itulah kerjaan wan abud",1169898699901718531,2019-09-06 09:02:40,0,0
9,EDO,zital@mastodon.eus,"RT @zitalbot: Egunien berba edo esamolde bat, gaurkuen: 'ESTRINKE'
#bermiotarra #zitalbot
https://t.co/NUuddR4bvf",1169898605404049408,2019-09-06 09:02:17,1,0
10,EDO,ï½´ï¾„ï¾,æˆé•·æœŸåˆã£ã¦ãŸã‚‰ã†ã‚Œã—ã„ã‘ã©,1169898588979089408,2019-09-06 09:02:13,0,0
11,EDO,ÈšMÂªÅƒ,RT @matthewamad: Na fear make Edo winch only de fly for night. Amadioha on patrol. https://t.co/SejAtkaNvq,1169898586026283009,2019-09-06 09:02:13,29,0
12,EDO,ï½´ï¾„ï¾,ã‚‚ã†ã—ã‚‰ã‚“ã§,1169898473514098688,2019-09-06 09:01:46,0,0
13,EDO,UpcomingğŸš€,"RT @KanteCesc: four eyed edo boy found his way into Nicki's TL

@Alex_Houseof308 ğŸ™ŒğŸ™ŒğŸ™Œ",1169898465075159045,2019-09-06 09:01:44,4,0
14,EDO,ï½´ï¾„ï¾,ã¯ã€TACå¤§åŸã‚ˆã‚Šã•ã‚‰ã«ãƒœãƒ¼ãƒ€ãƒ¼æš´èµ°ã—ã¨ã‚‹ã‚„ã‚“,1169898429343883264,2019-09-06 09:01:35,0,0
0,CRPT,é®é‚£ç‹@ã‚¯ãƒªãƒ—ãƒˆï¼†ãƒ¢ãƒ³ã‚¹ãƒˆ,ç„¡æ–™ã¯â˜†3ãŒå¤§é‡ã§ã—ãŸÊ¸áµ‰áµƒÊ°( á›âœŒï¸) https://t.co/oI3WZTFAKi,1169898379461050368,2019-09-06 09:01:23,0,0
1,CRPT,Energiwik,@Louna_Crpt @JulieClerissy Si si justement fais attention Ã  toi ğŸ˜ˆ,1169886961508610049,2019-09-06 08:16:01,0,0
2,CRPT,dinedine,ğŸ˜â¤ï¸,1169884366257811462,2019-09-06 08:05:42,0,1
3,CRPT,W.HASSAN TARIQ,@haroon_natamam AS A WHOLE NATION WE R CRPT AND SUPPORT TO CRPT....,1169882333454852096,2019-09-06 07:57:38,0,0
4,CRPT,name cannot be blank,@OleBitcephus @coinbase @CashApp How do you buy bitcoin on cash app? Just installed one but.only.thing it allows to request and transfer  Â£Â£,1169877931625086977,2019-09-06 07:40:08,0,0
5,CRPT,ã‚½ãƒ©ã‚½ãƒ©ã•ã‚“/çµµæãå‹‰å¼·,"RT @hyutatatantan: åŸæ›²è¿·å­ãªæ’¥æ¡å°‘å¥³æ™‚è¨ˆä½œã‚Šã¾ã—ãŸã€œ
#ã‚³ãƒ³ãƒ‘ã‚¹
#ã‚³ãƒ³ãƒ‘ã‚¹éŸ³æ¥½ https://t.co/7HCnUodWbx",1169875888747343875,2019-09-06 07:32:01,9,0
6,CRPT,FreeCoin Basecamp,"ğŸ86+29 CRPT(Crypterium=26$) #AirdropğŸ
ğŸ’Join hereğŸš€https://t.co/lRUAFAqLDK
1. Join Telegram(í…”ë°©ì°¸ì—¬)
2. Enter email, ERCâ€¦ https://t.co/edkfxvFQZa",1169874862749319170,2019-09-06 07:27:57,0,0
7,CRPT,LowCapWhaleBot,"$Crypto #lowcaps 1H returns

Top performers
$CRPT +6.7%
$GRN +5.5%
$ONE +5.4%

Worst performers
$LINA -16.2%
$FXC -â€¦ https://t.co/TaimvFMYQK",1169873726126444545,2019-09-06 07:23:26,0,0
8,CRPT,ã™ãšã›ã‚“,@sorasora3_crpt è‰,1169869849058611205,2019-09-06 07:08:01,0,0
9,CRPT,Coin Trading Analytics,"Top 100 avg 1h return: 0.1Â±1.0%; 55 up, 45 down
$BTC 0.0%  $ETH 0.1%
Best:
4.1% $BCN @Bytecoin_BCN
3.7% $LAMBâ€¦ https://t.co/Q8EHrmGmzq",1169867886887702529,2019-09-06 07:00:13,0,0
10,CRPT,ã‚½ãƒ©ã‚½ãƒ©ã•ã‚“/çµµæãå‹‰å¼·,RT @to_a_301: ï½¢ãƒãƒ›ã‚¿ãƒ³ã£ã¦å‘¼ã¶ãªï¼ï½£ https://t.co/20yu045ca3,1169858542162939905,2019-09-06 06:23:06,172,0
11,CRPT,Olivier Clairouin,"RT @ChGroult: Notre @arthur_crpt reprÃ©sentera l'Ã©quipe vidÃ©o du @lemondefr au super festival de crÃ©ateurs @FramesAvignon. Pour fÃªter Ã§a, onâ€¦",1169855640270819328,2019-09-06 06:11:34,2,0
12,CRPT,Hinaï¼ ã‚¯ãƒªãƒ—ãƒˆ,ã™ã”ã„ãªã‚“ã¨ãªãã®å˜ç™ºï¼‘å›ã§ãã¦ã—ã¾ã£ãŸ........ https://t.co/zc8bSFG8bg,1169855212028190720,2019-09-06 06:09:52,0,7
13,CRPT,Shahwar Hussain,"#NewProfilePic
Joined team CRPT!",1169851926088843264,2019-09-06 05:56:48,0,1
14,CRPT,MaxenceCRPT â­â­,"RT @ActuFoot_: SzczÄ™sny : Â« Quand j'Ã©tais Ã  Rome, mon remplaÃ§ant Ã©tait Alisson, qui est aujourd'hui le meilleur gardien du monde. Maintenanâ€¦",1169846908057051136,2019-09-06 05:36:52,1302,0
0,NEXO,á±¬; êªá¥²êª€dá¥² â„³ (Menciones|Disney! Au)à­­Ì¥à³„,"@Rusbrk á±¬âµ“ â€œ No,Â no me molesta, depende de como lo digan y en quÃ© tono, pero la verdad es que soy una bruja despuÃ©sâ€¦ https://t.co/BWaAA8wR4A",1169899045034180610,2019-09-06 09:04:02,0,0
1,NEXO,âˆBrian Michaelâˆ,"ğŸ‘¨â€ğŸš€This retweet is brought to you by BitcoinğŸš€ 

Skillz... #DYOR #Blockchain #BTSE $NEXO #Dai #bitcoin #BTC #btcâ€¦ https://t.co/931TepujU7",1169898446699974658,2019-09-06 09:01:40,0,1
2,NEXO,Rockol Pop Rock News,"Pavarotti, il film: guarda la fotogallery https://t.co/nJjHoFzlns https://t.co/ekugL5PtLF",1169898341460627457,2019-09-06 09:01:14,0,0
3,NEXO,Coin Trading Analytics,"Top 100 avg 24h return: -0.5Â±6.8%; 32 up, 68 down
$BTC 1.4%  $ETH 0.4%
Best:
50.6% $XMX @XMax_io
21.1% $REPâ€¦ https://t.co/mVc0klyGuH",1169898074967199745,2019-09-06 09:00:11,0,0
4,NEXO,Lester Brown,"Perdido em pensamentos, pensamentos confusos e sem nexo. 
Pensamentos estranhos e desnecessÃ¡rios. 
Pensamentos queâ€¦ https://t.co/atYkt1756K",1169897473986285568,2019-09-06 08:57:48,0,0
5,NEXO,Consuelo Castellanos,"RT @alevancor: El Ecuador merece una explicaciÃ³n transparente sobre Nexo Global, porquÃ© sus representantes legales y accionistas no estÃ¡n iâ€¦",1169896907851722752,2019-09-06 08:55:33,42,0
6,NEXO,Jon Iriondo,"RT @deia_eus: Jon Iriondo, nexo entre dos Ã©pocas de oro en la Antiguako Ama: Ãšnico remero de la tripulaciÃ³n actual que estuvo la anterior vâ€¦",1169896812641013760,2019-09-06 08:55:10,0,0
7,NEXO,Eri,"Cuando se puede ganar cualquier partida, la partida no estÃ¡ perdida hasta que se rompa el puto nexo, pero nada, mejâ€¦ https://t.co/JYVzOAnSt2",1169896035235139587,2019-09-06 08:52:05,0,1
8,NEXO,Talento perdido,"Minha mÃ£e entra no meu quarto e briga cmg pq liguei o ventilador...

QUAL O NEXO!!!!!!!!!",1169895975676039169,2019-09-06 08:51:50,0,0
9,NEXO,"""Por los rincones de Sevilla""","En la AlcaicerÃ­a, las ciudades de Al-Ãndalus, comerciaban al por mayor con seda.
AlcaicerÃ­a de la Loza, calle de coâ€¦ https://t.co/9aeOOMjq9w",1169895944831131651,2019-09-06 08:51:43,0,0
10,NEXO,MegaNerd,"@dynitstaff e @Nexo_Digital continuano a portare gli #anime nei cinema italiani: il prossimo Ã¨ #WeatheringWithYou,â€¦ https://t.co/YkIg0z9tAe",1169895570380476416,2019-09-06 08:50:14,0,0
11,NEXO,Nubart AudioguÃ­as,En Nubart nos estrenamos en las audiorrutas con este proyecto tan chulo de  Nexo Turismo y Cultura: la #audioguÃ­a dâ€¦ https://t.co/OC6X00eFJA,1169895101738307584,2019-09-06 08:48:22,0,0
12,NEXO,Ğ¼Â¡à¸«! â˜ºï¸ğŸ’œ,@_HyouNeko @BTS_twt TOMARA ğŸ˜­ vou soltar umas piadas sem nexo e ver no que dÃ¡,1169892464913608705,2019-09-06 08:37:53,0,0
13,NEXO,Barba Roja,"RT @LigaHotsea: Ya tenemos los partidos de la primera jornada de la 8ÂªT 
de HOTSEA en el Nexo de @BlizzHeroesES .

Las Lechuzas-Cavaliers eâ€¦",1169892244003778560,2019-09-06 08:37:01,11,0
14,NEXO,hala,@seyeehun nexo ext door,1169891634013601792,2019-09-06 08:34:35,0,1
0,SXP,Simms PrimaryComp,@AlwaysComputing @scratch I worked with a PG student on SXP to devise some art lessons on handprints using Scratchâ€¦ https://t.co/wnkQJxXRjC,1169898128863969286,2019-09-06 09:00:24,0,0
1,SXP,ã¬ã—ãˆ,@yy109810 ã‚²ãƒ¬ãƒ³ãƒ‡ãŒæº¶ã‘ã‚‹ã»ã©æ‹ã—ãŸã„,1169887761102360576,2019-09-06 08:19:12,0,0
2,SXP,Axmed Cabdi ğŸ‡¸ğŸ‡´,@Hubaal_ Waa aragtidiisa sxp lkn always runta waa muhiim ee yaysan nadhibin ee aan wajahno ğŸ˜ğŸ˜ğŸ˜,1169884160007081984,2019-09-06 08:04:53,0,0
3,SXP,R,ã§ã£ã‹ã„ã‚¯ãƒ©ãƒ–ãƒã‚¦ã‚¹ã‚µãƒ³ãƒ‰ä½œã‚‹ã‚“ã ã‚ã†ãªããƒ­ãƒƒã‚¯å›,1169883825104572416,2019-09-06 08:03:33,0,0
4,SXP,Axmed Cabdi ğŸ‡¸ğŸ‡´,"@Hubaal_ That is how FIFA said, tartanka ay dheelayaana cidda qabanqaabisay waaye waxaan u arkaa taas inay iyaga dhâ€¦ https://t.co/Dcjr0PvWuP",1169883803118030848,2019-09-06 08:03:28,0,1
5,SXP,R,RT @syronh2678: ãƒ†ãƒªãƒ¼å‚æˆ¦ã«æ–‡å¥è¨€ã„ã¾ãã£ã¦ã‚‹å¥´ã¯ãƒ†ãƒªãƒ¼ã«è¦ªã§ã‚‚æ®ºã•ã‚ŒãŸã®ã‹ã‚ˆã£ã¦æ›¸ãè¾¼ã¿è¦‹ãŸã‘ã©ãƒ†ãƒªãƒ¼ã«è¦ªçˆ¶ã‚’æ®ºã•ã‚ŒãŸå­ã¯å¤šåˆ†ä»Šé ƒãŠç¥ã„ã®ã”ã¡ãã†ä½œã£ã¦ã‚‹ã¨æ€ã†,1169883714353950720,2019-09-06 08:03:07,3338,0
6,SXP,Î£Ï„Î­Ï†Î±Î½Î¿Î¶,RT @TokyoSage: Never let your cats watch anime https://t.co/uMoxoJ8dIw,1169882883009343490,2019-09-06 07:59:49,57755,0
7,SXP,R,"ãƒ†ãƒªãƒ¼å‚æˆ¦ï¼ãŒæµ·å¤–ç‰ˆã ã¨
Terry Faces the Fury!ãªã®
å¦™ã«ã‹ã£ã“ã„ã„ https://t.co/CKRnrVrHeK",1169882785697288193,2019-09-06 07:59:26,0,0
8,SXP,Mahamed Omar Hasan,@OGAA_NSHO Masha allaah sxp waa masawir aan la malaysan karin,1169882382918270976,2019-09-06 07:57:50,0,1
9,SXP,R,"RT @gus3_ta28: ãƒ†ãƒªãƒ¼ã®ã‚¹ãƒãƒ–ãƒ©å‚æˆ¦ã§
ã‚«ãƒƒãƒˆã•ã‚ŒãŸã‚·ãƒ¼ãƒ³ãŒã“ã¡ã‚‰ã§ã™ã€‚ https://t.co/K690QBRwLY",1169877193029111809,2019-09-06 07:37:12,396,0
10,SXP,â™¡ ãª ã¡ å¤ª éƒ â™¡,@SxP_xx_oO @TOS ã‚‚ã¡ã‚ã‚“ï¼,1169876963428687872,2019-09-06 07:36:18,0,0
11,SXP,YAM,(å®Œå…¨ã«æãéª¨ã®é‡ã‚’æ¸›ã‚‰ã—ãŸã„æãæ‰‹ã®éƒ½åˆã‚‚å¤šåˆ†ã«å«ã¾ã‚Œã¾ã™),1169866657629532160,2019-09-06 06:55:20,0,0
12,SXP,YAM,ã¸ã£ã¸ã¸â€¦å…„ã€å¿…è¦ãªã¨ã“ã ã‘è„±ã„ã§ã¾ã™â€¦â€¦ã¡ãªã¿ã«æ‰‹ã¯ã‚¿ãƒã‚·ã‚¤è§¦ã‚‹ãŸã‚ã«å·¦æ‰‹ã ã‘æ‰‹è¢‹è„±ã„ã§å³æ‰‹ã¯ä»˜ã‘ã£æ”¾ã—ã§äº‹ãŒé€²ã¿ã¾ã™â€¦â€¦ä¸€æ–¹ãƒ‘ãƒ”ãƒ«ã‚¹ã¯é´ã‚‚ã‚¿ã‚¤ãƒ„ã‚‚å…¨éƒ¨è„±ã„ã§ã„ã‚‹,1169866463382949888,2019-09-06 06:54:34,0,4
13,SXP,YAM,RT @maple_sptl: ã“ã®å¼Ÿãã‚“ã€ãŠå…„ã•ã‚“ã‚’æŠ±ãæ™‚ã¯é´ä¸‹ã ã‘ã¯æ®‹ã—ã¦ãŠãã®ã‹â€¦â€¦æ„å¤–ã¨ãƒãƒ‹ã‚¢ãƒƒã‚¯ã•ã‚“ã ãªâ€¦â€¦ã¨ãƒ‹ã‚³ãƒ‹ã‚³ã«ãªã‚Šã¾ã—ãŸ,1169865809574842369,2019-09-06 06:51:58,1,0
14,SXP,YAM,ãŠèŒ¶è«‹ã‘ã§ï¼ï¼Ÿï¼ï¼Ÿ(ç¬‘ã„ã¾ã—ãŸ),1169863063673028608,2019-09-06 06:41:04,0,1
0,DROP,Just Zu,"RT @BTSVotingFam: TOMORROW will always be a SPRING DAY with BTS and ARMYs as they are our HOME, our MAGIC SHOP, our MIKROSKOSMOS, and our Lâ€¦",1169899079570087936,2019-09-06 09:04:10,207,0
1,DROP,Alex Richmond,*drop's money* Aaahhh my money! There's money everywhere. *bends over seductively to pick up money* *bends over sedâ€¦ https://t.co/wtHJTkgh7w,1169899078450212865,2019-09-06 09:04:10,0,0
2,DROP,ğŸ‘·ğŸ»â€â™€ï¸,"RT @famousshyguy: ğŸš¨ğŸš¨
Hey fam, please take a minute to look out for @nere_shop here, (drop a follow too ğŸ˜‰). And also on IG , (thenereshop).â€¦",1169899078030807041,2019-09-06 09:04:10,5,0
3,DROP,Ğ¸Ï…ÑÏ…â„“ğŸ±,RT @yoongisarchive: drop your last saved yoongi pics itâ€™s for science https://t.co/95Mip6jQFX,1169899076361437192,2019-09-06 09:04:10,580,0
4,DROP,ì—ë¦¬ì¹´ âœ¨,RT @jimiseyo: you canâ€™t tell me your jaw didnâ€™t drop when jimin did this  https://t.co/ORHTJeM0Qw,1169899073324765185,2019-09-06 09:04:09,14979,0
5,DROP,dazzlingfan,"RT @BTSVotingFam: TOMORROW will always be a SPRING DAY with BTS and ARMYs as they are our HOME, our MAGIC SHOP, our MIKROSKOSMOS, and our Lâ€¦",1169899072238452741,2019-09-06 09:04:09,207,0
6,DROP,Yeontannie ğŸ’œ,"RT @BTSVotingFam: TOMORROW will always be a SPRING DAY with BTS and ARMYs as they are our HOME, our MAGIC SHOP, our MIKROSKOSMOS, and our Lâ€¦",1169899070095147008,2019-09-06 09:04:08,207,0
7,DROP,Kanor Kil,@AUBREYKATEXXX Who? Just drop a name.,1169899068920717313,2019-09-06 09:04:08,0,0
8,DROP,happy jk day | #ì •ë¬´í–‰ì•Œ | #ê¾¸ê¸°ìƒì¼ã…Šã…‹,"RT @chimmyjiminniee: â”â”“ 
â”ƒâ”ƒâ•±â•² in this house 
 â”ƒâ•±â•±â•²â•² we welcome everyone 
â•±â•±â•­â•®â•²â•² whoâ€™s excited
â–”| â”—â”›â–•â–”   for namjoon's birthday
 â•±â–”â–”â–”â–”â–”â–”â–”â–”â–”â–”â€¦",1169899068530651136,2019-09-06 09:04:08,10289,0
9,DROP,â€”p,RT @bffjeongguk: I WILL NEVER GET OVER THE WAY JUNGKOOK USES HIS HAND TO CONTROL HOBIâ€™S HIPS DURING MIC DROP THIS HOLDS SO MUCH POWER httpsâ€¦,1169899067188498433,2019-09-06 09:04:07,4088,0
10,DROP,Ã  cause de ma voiture elle est jalouse. âœ¨ğŸ™ƒ,@TaiinaBanks Onika drop that goddamn album challenge! https://t.co/wTC3U7TZcq,1169899062197284864,2019-09-06 09:04:06,0,0
11,DROP,ReadOne ğŸ’,"RT @mr_yolak: Okay okay itâ€™s a Friday, drop your Friday pic!! Letâ€™s have a lovely thread ladies and gentlemen â¤ï¸â¤ï¸ https://t.co/qPV39PQyXm",1169899061496799232,2019-09-06 09:04:06,185,0
12,DROP,Hoeloye_DAN!3L ğŸ‚ğŸ‚,"RT @mosun_sexy: Sunnies threadğŸ˜ğŸ˜ğŸ˜
Drop a picture of you in shades lets see how cool you areğŸ˜
Follow anyone who likes your picture and rememâ€¦",1169899061375188992,2019-09-06 09:04:06,14,0
13,DROP,Shahada,"RT @mollajoon: You went to a fanmeet and jimin stared at you like this. 

Your last meme is your reaction, drop it https://t.co/UhvIvPQm7w",1169899059114496000,2019-09-06 09:04:06,2466,0
14,DROP,Filip Lukijanovic,RT @WorldWideWob: introducing: the drop test https://t.co/vh4rTyQylG,1169899056996311041,2019-09-06 09:04:05,343,0
