,Crypto,Author Name,Text,Message ID,Published At,Retweet Count,Favorite Count,Processed Text
0,CHSB,Arb Cruncher,RT @arbiswap: Arbiswap BTC-CHSB Arbitrage Deal Alert! #arbitrage #cryptocurrency https://t.co/Wdp6Dj1FIn,1167927899283804161,2019-08-31 22:31:24,3,0,   Arbiswap BTC-CHSB Arbitrage Deal Alert!    
2,CHSB,Caulon,Arbiswap BTC-CHSB Arbitrage Deal Alert! #arbitrage #cryptocurrency https://t.co/Wdp6Dj1FIn,1167924633233838087,2019-08-31 22:18:26,3,0,Arbiswap BTC-CHSB Arbitrage Deal Alert!    
3,CHSB,Startup Feeds,"RT @jmestrella92: ""What you are what you do""
Thanks @swissborg 

#WeAreSwissborg #blockchain #cryptotrading #cryptocurrency #fintech #Wealt‚Ä¶",1167480724699508736,2019-08-30 16:54:30,1,0,"   ""What you are what you do"" Thanks               "
4,CHSB,J.M.Estrella92,"""What you are what you do""
Thanks @swissborg 

#WeAreSwissborg #blockchain #cryptotrading #cryptocurrency #fintech‚Ä¶ https://t.co/bVHIcLnDVY",1167480702344060929,2019-08-30 16:54:24,1,0,"""What you are what you do"" Thanks             "
5,CHSB,Oliver,"#Giveaway 
#Shareyourwealth
#chsb
#cryptocurrency 
#CryptoNews 
#btc
#eth

#keepitgoing @pulte @swissborg @SwissborgJ",1167415970366967808,2019-08-30 12:37:11,0,0,                      
0,MCO,andrewukcrypto,"RT @7ristan: #MCO #CRYPTOCOM #BTC #BNB #CRO #ETH #LTC #XRP #CASHBACK #cryptocurrency
#cryptocurrencynews #FINTECH

Test card from https://t‚Ä¶",1170637637843132417,2019-09-08 09:58:56,33,0,                        news    Test card from  ‚Ä¶
2,MCO,CryptoAdvocate üá¶üá∫,"Are you into #crypto and a new or prospective #MCO #VISA Card recipient ?

Are you interested in @Cryptocom, their‚Ä¶ https://t.co/irx8oW7VbN",1170491706963136512,2019-09-08 00:19:04,0,2,Are you into   and a new or prospective     Card recipient ?  Are you interested in   their‚Ä¶
3,MCO,TpaySoldiers,#Crypto #bitcoin $BTV #TokenPay $TPAY $LTC $ETH $OMG $TUSD $ZRX $REP $MKR $BAT $PAY $HT $DAI $CRO $NEXO $ENJ $MANA‚Ä¶ https://t.co/Bo8mudPL2k,1170463826757783552,2019-09-07 22:28:17,0,8,    $BTV   $TPAY $LTC $ETH $OMG $TUSD $ZRX $REP $MKR $BAT $PAY $HT $DAI $CRO $NEXO $ENJ $MANA‚Ä¶
4,MCO,Crypto Price Trading 30m,"$BTC : +0.02%üìà 10526$
Top (last h):
$THX : +12.27%üìà 98948st
$BAT : +2.44%üìà 1685st
$XVG : +2.32%üìà 43st
$MCO : +1.50%‚Ä¶ https://t.co/YeTuJrhsSC",1170441636255600640,2019-09-07 21:00:06,0,0,$BTC : +0.02%üìà 10526$ Top (last h): $THX : +12.27%üìà 98948st $BAT : +2.44%üìà 1685st $XVG : +2.32%üìà 43st $MCO : +1.50%‚Ä¶
5,MCO,Crypto Price Trading 30m,"$BTC : +0.01%üìà 10519$
Top (last h):
$THX : +12.17%üìà 98959st
$AOA : +3.87%üìà 123st
$MCO : +3.27%üìà 30729st
$BAT : +2.2‚Ä¶ https://t.co/ewxEbvfCRE",1170434083534573569,2019-09-07 20:30:05,0,0,$BTC : +0.01%üìà 10519$ Top (last h): $THX : +12.17%üìà 98959st $AOA : +3.87%üìà 123st $MCO : +3.27%üìà 30729st $BAT : +2.2‚Ä¶
6,MCO,EJ,The price of https://t.co/HkY6erO7N3 Chain is $0.040784! https://t.co/ExOMtQ1url #cro #mco #mcovisacard #Bitcoin‚Ä¶ https://t.co/2IzWXSh9Nf,1170227820443734016,2019-09-07 06:50:28,0,0,The price of   Chain is $0.040784!        visacard  
7,MCO,Brian Mulligan,Really liking my @cryptocom Visa Card. Great buying things with #cryptocurrency and getting 2% #cryptocurrency cash‚Ä¶ https://t.co/zH7j4MvSoP,1170104490910978049,2019-09-06 22:40:24,0,2,Really liking my   Visa Card. Great buying things with   and getting 2%   cash‚Ä¶
0,EDO,ProjectX - XtradeBOT,"üì¢NEW TRADE
üåéExchange: #Binance
üìå#EDOBTC
‚è≥Buy Date : 2019-09-07 22:24:42
‚åõSell Date : 2019-09-08 03:27:15
üìàBuy : 0.0‚Ä¶ https://t.co/VQUqKMJVST",1170508896923992069,2019-09-08 01:27:22,0,0,üì¢NEW TRADE üåéExchange:     ‚è≥Buy Date : 2019-09-07 22:24:42 ‚åõSell Date : 2019-09-08 03:27:15 üìàBuy : 0.0‚Ä¶
1,EDO,ProjectX - XtradeBOT,"üì¢NEW TRADE
üåéExchange: #Binance
üìå#EDOBTC
‚è≥Buy Date : 2019-09-07 14:11:51
‚åõSell Date : 2019-09-07 20:12:15
üìàBuy : 0.0‚Ä¶ https://t.co/v45Rtpfmlw",1170399591608594432,2019-09-07 18:13:02,0,0,üì¢NEW TRADE üåéExchange:     ‚è≥Buy Date : 2019-09-07 14:11:51 ‚åõSell Date : 2019-09-07 20:12:15 üìàBuy : 0.0‚Ä¶
0,CRPT,Petronella Technology Group,RT @arbiswap: Arbiswap BTC-CRPT Arbitrage Deal Alert! #arbitrage #cryptocurrency https://t.co/aZzLYG21AO,1170687488580628480,2019-09-08 13:17:02,3,0,   Arbiswap BTC-CRPT Arbitrage Deal Alert!    
1,CRPT,CoinMarketNews,"Today's top cryptocurrency gainers: 
 
$A (3,257.98%) up
$DEX (49.45%) up
$FX (29.33%) up
$NRG (17.19%) up
$BRD (11‚Ä¶ https://t.co/6xocYxq8Fb",1170660577427017729,2019-09-08 11:30:06,0,1,"Today's top cryptocurrency gainers:  $A (3,257.98%) up $DEX (49.45%) up $FX (29.33%) up $NRG (17.19%) up $BRD (11‚Ä¶"
4,CRPT,Caulon,Arbiswap BTC-CRPT Arbitrage Deal Alert! #arbitrage #cryptocurrency https://t.co/aZzLYG21AO,1170654700443787264,2019-09-08 11:06:44,3,1,Arbiswap BTC-CRPT Arbitrage Deal Alert!    
5,CRPT,CoinMarketNews,"Today's top cryptocurrency losers: 
 
$CRPT (-7.65%) down
$EGT (-7.24%) down
$DIVI (-6.74%) down
$BCN (-6.01%) down‚Ä¶ https://t.co/sIbMG7ArZH",1170645483171303424,2019-09-08 10:30:07,0,0,Today's top cryptocurrency losers:  $CRPT (-7.65%) down $EGT (-7.24%) down $DIVI (-6.74%) down $BCN (-6.01%) down‚Ä¶
6,CRPT,ICOLOG,"The Complete Review Of Libra‚Ää‚Äî‚ÄäFacebook‚Äôs Global Cryptocurrency...
PRC: $0.303600 (+8.40%) ‚Ä¢ ROI: -494.07% ‚Ä¢ HLD: 6‚Ä¶ https://t.co/QWXosaAIu0",1170533595406118912,2019-09-08 03:05:31,0,0,The Complete Review Of Libra‚Ää‚Äî‚ÄäFacebook‚Äôs Global Cryptocurrency... PRC: $0.303600 (+8.40%) ‚Ä¢ ROI: -494.07% ‚Ä¢ HLD: 6‚Ä¶
7,CRPT,CoinMarketNews,"Today's top cryptocurrency gainers: 
 
$NRG (25.31%) up
$DEX (22.48%) up
$BRD (16.68%) up
$QASH (13.76%) up
$XMX (1‚Ä¶ https://t.co/l1f4pTEVcM",1170479387860488192,2019-09-07 23:30:07,0,0,Today's top cryptocurrency gainers:  $NRG (25.31%) up $DEX (22.48%) up $BRD (16.68%) up $QASH (13.76%) up $XMX (1‚Ä¶
9,CRPT,CoinMarketNews,"Today's top cryptocurrency gainers: 
 
$REN (13.43%) up
$QASH (11.77%) up
$CRPT (11.71%) up
$ATOM (6.33%) up
$XMX (‚Ä¶ https://t.co/8Sx3th3A3Y",1170298196515545089,2019-09-07 11:30:07,0,2,Today's top cryptocurrency gainers:  $REN (13.43%) up $QASH (11.77%) up $CRPT (11.71%) up $ATOM (6.33%) up $XMX (‚Ä¶
10,CRPT,CoinMarketNews,"Today's top cryptocurrency gainers: 
 
$XMX (27.10%) up
$REP (19.95%) up
$CRPT (11.71%) up
$NEXO (6.66%) up
$TRUE (‚Ä¶ https://t.co/Nak10wZ7sG",1170116995767033857,2019-09-06 23:30:06,0,1,Today's top cryptocurrency gainers:  $XMX (27.10%) up $REP (19.95%) up $CRPT (11.71%) up $NEXO (6.66%) up $TRUE (‚Ä¶
11,CRPT,siebrand,"RT @coinmarketnews: Today's top cryptocurrency gainers: 
 
$DIVI (17.52%) up
$XMX (14.29%) up
$KNC (13.15%) up
$CRPT (11.71%) up
$FCT (10.1‚Ä¶",1170041378224648192,2019-09-06 18:29:37,1,0,   Today's top cryptocurrency gainers:  $DIVI (17.52%) up $XMX (14.29%) up $KNC (13.15%) up $CRPT (11.71%) up $FCT (10.1‚Ä¶
12,CRPT,ICOLOG,"Apple VP Jennifer Baily paints a positive outlook for the cryptocurrency industry. However, she insists on the comp‚Ä¶ https://t.co/9109U0Zq3j",1169959803449466880,2019-09-06 13:05:28,0,0,"le VP Jennifer Baily paints a positive outlook for the cryptocurrency industry. However, she insists on the comp‚Ä¶"
13,CRPT,CoinMarketNews,"Today's top cryptocurrency gainers: 
 
$XMX (51.14%) up
$REP (23.66%) up
$CRPT (11.71%) up
$NEXO (11.50%) up
$CS (1‚Ä¶ https://t.co/O9wGjIHw0A",1169935802433978369,2019-09-06 11:30:06,0,3,Today's top cryptocurrency gainers:  $XMX (51.14%) up $REP (23.66%) up $CRPT (11.71%) up $NEXO (11.50%) up $CS (1‚Ä¶
14,CRPT,CoinMarketNews,"Today's top cryptocurrency gainers: 
 
$DIVI (17.52%) up
$XMX (14.29%) up
$KNC (13.15%) up
$CRPT (11.71%) up
$FCT (‚Ä¶ https://t.co/J1Rq4znVkr",1169754609998540800,2019-09-05 23:30:06,1,6,Today's top cryptocurrency gainers:  $DIVI (17.52%) up $XMX (14.29%) up $KNC (13.15%) up $CRPT (11.71%) up $FCT (‚Ä¶
0,CHSB,Arb Cruncher,RT @arbiswap: Arbiswap BTC-CHSB Arbitrage Deal Alert! #arbitrage #cryptocurrency https://t.co/Wdp6Dj1FIn,1167927899283804161,2019-08-31 22:31:24,3,0,   Arbiswap BTC-CHSB Arbitrage Deal Alert!    
2,CHSB,Caulon,Arbiswap BTC-CHSB Arbitrage Deal Alert! #arbitrage #cryptocurrency https://t.co/Wdp6Dj1FIn,1167924633233838087,2019-08-31 22:18:26,3,0,Arbiswap BTC-CHSB Arbitrage Deal Alert!    
3,CHSB,Startup Feeds,"RT @jmestrella92: ""What you are what you do""
Thanks @swissborg 

#WeAreSwissborg #blockchain #cryptotrading #cryptocurrency #fintech #Wealt‚Ä¶",1167480724699508736,2019-08-30 16:54:30,1,0,"   ""What you are what you do"" Thanks               "
4,CHSB,J.M.Estrella92,"""What you are what you do""
Thanks @swissborg 

#WeAreSwissborg #blockchain #cryptotrading #cryptocurrency #fintech‚Ä¶ https://t.co/bVHIcLnDVY",1167480702344060929,2019-08-30 16:54:24,1,0,"""What you are what you do"" Thanks             "
5,CHSB,Oliver,"#Giveaway 
#Shareyourwealth
#chsb
#cryptocurrency 
#CryptoNews 
#btc
#eth

#keepitgoing @pulte @swissborg @SwissborgJ",1167415970366967808,2019-08-30 12:37:11,0,0,                      
0,MCO,andrewukcrypto,"RT @7ristan: #MCO #CRYPTOCOM #BTC #BNB #CRO #ETH #LTC #XRP #CASHBACK #cryptocurrency
#cryptocurrencynews #FINTECH

Test card from https://t‚Ä¶",1170637637843132417,2019-09-08 09:58:56,33,0,                        news    Test card from  ‚Ä¶
2,MCO,CryptoAdvocate üá¶üá∫,"Are you into #crypto and a new or prospective #MCO #VISA Card recipient ?

Are you interested in @Cryptocom, their‚Ä¶ https://t.co/irx8oW7VbN",1170491706963136512,2019-09-08 00:19:04,0,2,Are you into   and a new or prospective     Card recipient ?  Are you interested in   their‚Ä¶
3,MCO,TpaySoldiers,#Crypto #bitcoin $BTV #TokenPay $TPAY $LTC $ETH $OMG $TUSD $ZRX $REP $MKR $BAT $PAY $HT $DAI $CRO $NEXO $ENJ $MANA‚Ä¶ https://t.co/Bo8mudPL2k,1170463826757783552,2019-09-07 22:28:17,0,8,    $BTV   $TPAY $LTC $ETH $OMG $TUSD $ZRX $REP $MKR $BAT $PAY $HT $DAI $CRO $NEXO $ENJ $MANA‚Ä¶
4,MCO,Crypto Price Trading 30m,"$BTC : +0.02%üìà 10526$
Top (last h):
$THX : +12.27%üìà 98948st
$BAT : +2.44%üìà 1685st
$XVG : +2.32%üìà 43st
$MCO : +1.50%‚Ä¶ https://t.co/YeTuJrhsSC",1170441636255600640,2019-09-07 21:00:06,0,0,$BTC : +0.02%üìà 10526$ Top (last h): $THX : +12.27%üìà 98948st $BAT : +2.44%üìà 1685st $XVG : +2.32%üìà 43st $MCO : +1.50%‚Ä¶
5,MCO,Crypto Price Trading 30m,"$BTC : +0.01%üìà 10519$
Top (last h):
$THX : +12.17%üìà 98959st
$AOA : +3.87%üìà 123st
$MCO : +3.27%üìà 30729st
$BAT : +2.2‚Ä¶ https://t.co/ewxEbvfCRE",1170434083534573569,2019-09-07 20:30:05,0,0,$BTC : +0.01%üìà 10519$ Top (last h): $THX : +12.17%üìà 98959st $AOA : +3.87%üìà 123st $MCO : +3.27%üìà 30729st $BAT : +2.2‚Ä¶
6,MCO,EJ,The price of https://t.co/HkY6erO7N3 Chain is $0.040784! https://t.co/ExOMtQ1url #cro #mco #mcovisacard #Bitcoin‚Ä¶ https://t.co/2IzWXSh9Nf,1170227820443734016,2019-09-07 06:50:28,0,0,The price of   Chain is $0.040784!        visacard  
7,MCO,Brian Mulligan,Really liking my @cryptocom Visa Card. Great buying things with #cryptocurrency and getting 2% #cryptocurrency cash‚Ä¶ https://t.co/zH7j4MvSoP,1170104490910978049,2019-09-06 22:40:24,0,2,Really liking my   Visa Card. Great buying things with   and getting 2%   cash‚Ä¶
0,EDO,ProjectX - XtradeBOT,"üì¢NEW TRADE
üåéExchange: #Binance
üìå#EDOBTC
‚è≥Buy Date : 2019-09-07 22:24:42
‚åõSell Date : 2019-09-08 03:27:15
üìàBuy : 0.0‚Ä¶ https://t.co/VQUqKMJVST",1170508896923992069,2019-09-08 01:27:22,0,0,üì¢NEW TRADE üåéExchange:     ‚è≥Buy Date : 2019-09-07 22:24:42 ‚åõSell Date : 2019-09-08 03:27:15 üìàBuy : 0.0‚Ä¶
1,EDO,ProjectX - XtradeBOT,"üì¢NEW TRADE
üåéExchange: #Binance
üìå#EDOBTC
‚è≥Buy Date : 2019-09-07 14:11:51
‚åõSell Date : 2019-09-07 20:12:15
üìàBuy : 0.0‚Ä¶ https://t.co/v45Rtpfmlw",1170399591608594432,2019-09-07 18:13:02,0,0,üì¢NEW TRADE üåéExchange:     ‚è≥Buy Date : 2019-09-07 14:11:51 ‚åõSell Date : 2019-09-07 20:12:15 üìàBuy : 0.0‚Ä¶
0,CRPT,Petronella Technology Group,RT @arbiswap: Arbiswap BTC-CRPT Arbitrage Deal Alert! #arbitrage #cryptocurrency https://t.co/aZzLYG21AO,1170687488580628480,2019-09-08 13:17:02,3,0,   Arbiswap BTC-CRPT Arbitrage Deal Alert!    
1,CRPT,CoinMarketNews,"Today's top cryptocurrency gainers: 
 
$A (3,257.98%) up
$DEX (49.45%) up
$FX (29.33%) up
$NRG (17.19%) up
$BRD (11‚Ä¶ https://t.co/6xocYxq8Fb",1170660577427017729,2019-09-08 11:30:06,0,1,"Today's top cryptocurrency gainers:  $A (3,257.98%) up $DEX (49.45%) up $FX (29.33%) up $NRG (17.19%) up $BRD (11‚Ä¶"
4,CRPT,Caulon,Arbiswap BTC-CRPT Arbitrage Deal Alert! #arbitrage #cryptocurrency https://t.co/aZzLYG21AO,1170654700443787264,2019-09-08 11:06:44,3,1,Arbiswap BTC-CRPT Arbitrage Deal Alert!    
5,CRPT,CoinMarketNews,"Today's top cryptocurrency losers: 
 
$CRPT (-7.65%) down
$EGT (-7.24%) down
$DIVI (-6.74%) down
$BCN (-6.01%) down‚Ä¶ https://t.co/sIbMG7ArZH",1170645483171303424,2019-09-08 10:30:07,0,0,Today's top cryptocurrency losers:  $CRPT (-7.65%) down $EGT (-7.24%) down $DIVI (-6.74%) down $BCN (-6.01%) down‚Ä¶
6,CRPT,ICOLOG,"The Complete Review Of Libra‚Ää‚Äî‚ÄäFacebook‚Äôs Global Cryptocurrency...
PRC: $0.303600 (+8.40%) ‚Ä¢ ROI: -494.07% ‚Ä¢ HLD: 6‚Ä¶ https://t.co/QWXosaAIu0",1170533595406118912,2019-09-08 03:05:31,0,0,The Complete Review Of Libra‚Ää‚Äî‚ÄäFacebook‚Äôs Global Cryptocurrency... PRC: $0.303600 (+8.40%) ‚Ä¢ ROI: -494.07% ‚Ä¢ HLD: 6‚Ä¶
7,CRPT,CoinMarketNews,"Today's top cryptocurrency gainers: 
 
$NRG (25.31%) up
$DEX (22.48%) up
$BRD (16.68%) up
$QASH (13.76%) up
$XMX (1‚Ä¶ https://t.co/l1f4pTEVcM",1170479387860488192,2019-09-07 23:30:07,0,0,Today's top cryptocurrency gainers:  $NRG (25.31%) up $DEX (22.48%) up $BRD (16.68%) up $QASH (13.76%) up $XMX (1‚Ä¶
9,CRPT,CoinMarketNews,"Today's top cryptocurrency gainers: 
 
$REN (13.43%) up
$QASH (11.77%) up
$CRPT (11.71%) up
$ATOM (6.33%) up
$XMX (‚Ä¶ https://t.co/8Sx3th3A3Y",1170298196515545089,2019-09-07 11:30:07,0,2,Today's top cryptocurrency gainers:  $REN (13.43%) up $QASH (11.77%) up $CRPT (11.71%) up $ATOM (6.33%) up $XMX (‚Ä¶
10,CRPT,CoinMarketNews,"Today's top cryptocurrency gainers: 
 
$XMX (27.10%) up
$REP (19.95%) up
$CRPT (11.71%) up
$NEXO (6.66%) up
$TRUE (‚Ä¶ https://t.co/Nak10wZ7sG",1170116995767033857,2019-09-06 23:30:06,0,1,Today's top cryptocurrency gainers:  $XMX (27.10%) up $REP (19.95%) up $CRPT (11.71%) up $NEXO (6.66%) up $TRUE (‚Ä¶
11,CRPT,siebrand,"RT @coinmarketnews: Today's top cryptocurrency gainers: 
 
$DIVI (17.52%) up
$XMX (14.29%) up
$KNC (13.15%) up
$CRPT (11.71%) up
$FCT (10.1‚Ä¶",1170041378224648192,2019-09-06 18:29:37,1,0,   Today's top cryptocurrency gainers:  $DIVI (17.52%) up $XMX (14.29%) up $KNC (13.15%) up $CRPT (11.71%) up $FCT (10.1‚Ä¶
12,CRPT,ICOLOG,"Apple VP Jennifer Baily paints a positive outlook for the cryptocurrency industry. However, she insists on the comp‚Ä¶ https://t.co/9109U0Zq3j",1169959803449466880,2019-09-06 13:05:28,0,0,"le VP Jennifer Baily paints a positive outlook for the cryptocurrency industry. However, she insists on the comp‚Ä¶"
13,CRPT,CoinMarketNews,"Today's top cryptocurrency gainers: 
 
$XMX (51.14%) up
$REP (23.66%) up
$CRPT (11.71%) up
$NEXO (11.50%) up
$CS (1‚Ä¶ https://t.co/O9wGjIHw0A",1169935802433978369,2019-09-06 11:30:06,0,3,Today's top cryptocurrency gainers:  $XMX (51.14%) up $REP (23.66%) up $CRPT (11.71%) up $NEXO (11.50%) up $CS (1‚Ä¶
14,CRPT,CoinMarketNews,"Today's top cryptocurrency gainers: 
 
$DIVI (17.52%) up
$XMX (14.29%) up
$KNC (13.15%) up
$CRPT (11.71%) up
$FCT (‚Ä¶ https://t.co/J1Rq4znVkr",1169754609998540800,2019-09-05 23:30:06,1,6,Today's top cryptocurrency gainers:  $DIVI (17.52%) up $XMX (14.29%) up $KNC (13.15%) up $CRPT (11.71%) up $FCT (‚Ä¶
0,NEXO,Tony Henriquez,"Fellow Nexonians, register and vote to include #Nexo (@nexofinance) as one of the coins listed on the #BCNEX exchan‚Ä¶ https://t.co/bDLzNTg0Gw",1170691976745881602,2019-09-08 13:34:52,0,0,"Fellow Nexonians, register and vote to include     as one of the coins listed on the   exchan‚Ä¶"
1,NEXO,Tony Henriquez,"Fellow Nexonians, register and vote to include #Nexo as one of the coins listed on the #BCNEX exchange. 
#BCNX‚Ä¶ https://t.co/mNYTAkmGQ6",1170688412074029057,2019-09-08 13:20:42,0,1,"Fellow Nexonians, register and vote to include   as one of the coins listed on the   exchange.  "
2,NEXO,Kingoffreedom,"RT @cryptowealthx: Try @RebelliousCoin a fresh #dex with easy flow UI and low fees. 

#exchange #cryptocurrency #crypto #rebellious #NEXO #‚Ä¶",1170622351412776960,2019-09-08 08:58:12,1,0,   Try   a fresh   with easy flow UI and low fees.             
3,NEXO,MC Brief,Nexo Rolls Out Digital Currency Mastercard - https://t.co/jeLlC7NfHz,1170479049749274626,2019-09-07 23:28:46,0,0,Nexo Rolls Out Digital Currency Mastercard -
5,NEXO,CryptoWealthX,"Try @RebelliousCoin a fresh #dex with easy flow UI and low fees. 

#exchange #cryptocurrency #crypto #rebellious‚Ä¶ https://t.co/O11duSigtP",1170413529339506688,2019-09-07 19:08:25,1,2,Try   a fresh   with easy flow UI and low fees.         
6,NEXO,Tony Henriquez,"#BCNX #bitcoin #cryptocurrency #cryptocurrencies #bytecoin #BCN #NFL #NFL100 #litecoin #Criptomonedas 
Register and‚Ä¶ https://t.co/AudPqFLSR2",1170393807050989570,2019-09-07 17:50:03,0,0,               100     Register and‚Ä¶
7,NEXO,Rafiqul Islam,RT @c50index: Five Star Ratings Report for June 2019 Five Star Stand out! $NEXO Visit https://t.co/ENDT5ao8Ft to learn more. #bounty #ether‚Ä¶,1170340601549807616,2019-09-07 14:18:37,19,0,   Five Star Ratings Report for June 2019 Five Star Stand out! $NEXO Visit   to learn more.    
8,NEXO,Topicktea,"Join,dwonload and singup...
@Curis_Wang @blockchain @nexo @guarda #BTC #USDT #LTC #ETH #ETC #BTR #XRP #HOT‚Ä¶ https://t.co/8iz4fFmv6x",1170266634159673345,2019-09-07 09:24:42,0,1,"Join,dwonload and singup...                        "
10,NEXO,TokenNews v2.0,"LINE Receives Cryptocurrency Exchange License / LiteLink Technologies, Bay Water Transportation Part...

LINE Recei‚Ä¶ https://t.co/eSSpXgRRgY",1170060230475935744,2019-09-06 19:44:32,0,0,"LINE Receives Cryptocurrency Exchange License / LiteLink Technologies, Bay Water Transportation Part...  LINE Recei‚Ä¶"
11,NEXO,Tony Henriquez,#bitcoin #litecoin #bnb #bytecoin #bcnex #cryptocurrencies #cryptocurrency #CryptoNews #WallStreet #privacy $bcn‚Ä¶ https://t.co/TbS6bpi1um,1169998858048327680,2019-09-06 15:40:39,0,0,                    $bcn‚Ä¶
13,NEXO,Tony Henriquez,"This is for gold bugs!
#bitcoin #litecoin #bnb #bytecoin #bcnex #cryptocurrencies #cryptocurrency #CryptoNews‚Ä¶ https://t.co/sHiv0I0ltY",1169964182256660482,2019-09-06 13:22:52,0,0,This is for gold bugs!                
0,DROP,The Currency Scene,"#currency #cryptocurrency Rate Cut Odds Drop for BOC, RBA, and RBNZ amid US-China Trade War Truce: Central Bank Wee‚Ä¶ https://t.co/RGlm6EBOPk",1170695216346648579,2019-09-08 13:47:44,0,0,"    Rate Cut Odds Drop for BOC, RBA, and RBNZ amid US-China Trade War Truce: Central Bank Wee‚Ä¶"
1,DROP,BTC RSI indicator,"If it don't drop, you have no choice but to raise it.
#bitcoin #bitcoincash #ripple #ethereum #btc #bch #xrp #eth‚Ä¶ https://t.co/0vDhO6WLFI",1170694876410703873,2019-09-08 13:46:23,0,0,"If it don't drop, you have no choice but to raise it.    cash            "
2,DROP,Santchi,"RT @btcscal: Let it rise is very easy more than let it drop, don't you think?
#bitcoin #bitcoincash #ripple #ethereum #btc #bch #xrp #eth #‚Ä¶",1170690726755282944,2019-09-08 13:29:54,1,0,"   Let it rise is very easy more than let it drop, don't you think?    cash              "
3,DROP,BTC RSI indicator,"Let it rise is very easy more than let it drop, don't you think?
#bitcoin #bitcoincash #ripple #ethereum #btc #bch‚Ä¶ https://t.co/thPmCH8fA4",1170690573537120256,2019-09-08 13:29:17,1,0,"Let it rise is very easy more than let it drop, don't you think?    cash        "
4,DROP,kishan Das,"RT @VerusEstate: Verus self drop. 
Get a chance to get instant 500 VERS by participating in the forthcoming self drop commencing on 04/09/2‚Ä¶",1170678199396618240,2019-09-08 12:40:07,418,0,   Verus self drop. Get a chance to get instant 500 VERS by participating in the forthcoming self drop commencing on 04/09/2‚Ä¶
5,DROP,Appytechie,Bitcoin price latest: Cryptocurrency value plunges dramatically amid global financial market¬†drop‚Ä¶ https://t.co/2NIynSQITG,1170601781971128321,2019-09-08 07:36:28,0,1,Bitcoin price latest: Cryptocurrency value plunges dramatically amid global financial market¬†drop‚Ä¶
6,DROP,Crypto Mak üåê,RT @crypto__mak: Bitcoin‚Äôs Lightning Network capacity up by 738% since Sept 2018; Bitcoin Cash suffers 93% drop in transaction count https:‚Ä¶,1170596892754886657,2019-09-08 07:17:02,1,0,   Bitcoin‚Äôs Lightning Network capacity up by 738% since Sept 2018; Bitcoin Cash suffers 93% drop in transaction count https:‚Ä¶
7,DROP,JoseLuis üáßüá∑,"Gas prices drop to a 3-year Labor Day low, as more drivers h.. 
@joseluisintwite - CNBC - Twitter - News - Noticias‚Ä¶ https://t.co/vQvvV9Cf3M",1170596239706066944,2019-09-08 07:14:26,0,0,"Gas prices drop to a 3-year Labor Day low, as more drivers h..   - CNBC - Twitter - News - Noticias‚Ä¶"
8,DROP,Hollow Man,"RT @BravoCoin: #Win a #Roku Express HD for Our Next #Free #Crypto #Contest #Giveaway ü§©

Download @BravoCoin from app/play store ‚úÖ
RT/Like/T‚Ä¶",1170591261113245696,2019-09-08 06:54:39,17,0,     a   Express HD for Our Next         ü§©  Download   from app/play store ‚úÖ /Like/T‚Ä¶
9,DROP,Crypto Mak üåê,"Bitcoin To Visit $7,500 And Drop By 30% Soon, Analysts Predict https://t.co/z3NppJDLw7 #BitcoinAnalysis‚Ä¶ https://t.co/NAS2kPrNDm",1170590724305219585,2019-09-08 06:52:31,0,1,"Bitcoin To Visit $7,500 And Drop By 30% Soon, Analysts Predict    "
13,DROP,Dopeless Not Hopeless,"RT DawaynePerza:

Check out my blog! purchase a #kleverhat using #cryptocurrency! Drop me a comment on one of my‚Ä¶ https://t.co/c0fqsTMKR7",1170543915541417985,2019-09-08 03:46:31,0,0, DawaynePerza:  Check out my blog! purchase a   using   Drop me a comment on one of my‚Ä¶
14,DROP,Shin Angel Cries,"RT @TryviumTravels: In order to better indicate our connection with Syscoin, Tryvium BCT ANN thread (https://t.co/xSOvRP3BQH) has been expa‚Ä¶",1170526501579546625,2019-09-08 02:37:19,45,0,"   In order to better indicate our connection with Syscoin, Tryvium BCT ANN thread (  has been expa‚Ä¶"
0,ETH,Altcoin Magazine,"How #blockchain can change the #music industry?

https://t.co/fWsd9b18X0

#crypto #cryptocurrency #cryptocurrencies‚Ä¶ https://t.co/cq2Ozsj8xA",1170698318672027654,2019-09-08 14:00:04,0,0,How   can change the   industry?       currency  currencies‚Ä¶
1,ETH,cezo durakk,"RT @coinvasity: üèÜ#Bitcoin #Crypto #Giveaway 

üéÅ5 People to share 100 JACKPOT COINS (777)

 Rules:
‚úÖRT and like this post
‚úÖRT Pinned Tweet
‚úÖ‚Ä¶",1170698305405407232,2019-09-08 14:00:01,102,0,          üéÅ5 People to share 100 JACKPOT COINS (777)  Rules: ‚úÖ and like this post ‚úÖ Pinned Tweet ‚úÖ‚Ä¶
2,ETH,Matthew A Jaworski,"Cryptocurrency Price Analysis for the Week September 1 to September 8
https://t.co/8W2xvXXrq4
#Market, #Trading, #ETH, #XRP",1170698232135073792,2019-09-08 13:59:43,0,0,Cryptocurrency Price Analysis for the Week September 1 to September 8         
3,ETH,Can Cekicoglu,"RT @CryptoTownEU: üöÄ Airdrop : TLS Group
üí∞ Value : $ 110 + $ 5.5
üí∏ 100 + 5 TLS
üõ° Bot ETH  
‚è∞ 3 minutes

1. Talk with the telegram bot: https‚Ä¶",1170697836805144583,2019-09-08 13:58:09,649,0,   üöÄ Airdrop : TLS Group üí∞ Value : $ 110 + $ 5.5 üí∏ 100 + 5 TLS üõ° Bot ETH ‚è∞ 3 minutes  1. Talk with the telegram bot: https‚Ä¶
4,ETH,BitcoinBinge.com,Have you ever used #Bitcoin to make a purchase or sale?üí∏ü§î#btc $btc #eth $eth #xrp $xrp #crypto #cryptocurrency #cryptotwitter #satoshi,1170697802000867329,2019-09-08 13:58:01,0,2,Have you ever used   to make a purchase or   $btc   $eth   $xrp    currency  twitter  
5,ETH,Francis Maclean,"RT @Saturn_Token: SATURN TOKEN 1,000,000,000 Airdrop for first 1000 people, 1,000,000 SAT EACH

SATURN TOKEN LISTING ON MERCATOX!

Follow
R‚Ä¶",1170697786876149761,2019-09-08 13:57:57,156,0,"   SATURN TOKEN 1,000,000,000 Airdrop for first 1000 people, 1,000,000 SAT EACH  SATURN TOKEN LISTING ON MERCATOX!  Follow R‚Ä¶"
6,ETH,Fandieko,"RT @EZ365ecosystem: Contribute $100 US or more to our #IEO and be entered into our random #draw for a chance to win 50,000 #EZ365 tokens! L‚Ä¶",1170697701089927168,2019-09-08 13:57:37,39,0,"   Contribute $100 US or more to our   and be entered into our random   for a chance to win 50,000   tokens! L‚Ä¶"
7,ETH,Nemo Cryptoz,"RT @eternalcrypto1: proof of 500 #XRP winner draw!

Please check out my #ETH and #WIN giveaway!! 

#bitcoin #bitcorn #altcoins #crypto #cry‚Ä¶",1170697523880587264,2019-09-08 13:56:54,28,0,   proof of 500   winner draw!  Please check out my   and   giveaway!!           
9,ETH,Antonello Zizzamia,"RT @Bybit_Official: Trade on the best #cryptocurrency derivatives exchange with the best perpetual contracts

 $BTC | $ETH | $EOS | $XRP
-‚Ä¶",1170697025664540672,2019-09-08 13:54:56,1479,0,   Trade on the best   derivatives exchange with the best perpetual contracts  $BTC | $ETH | $EOS | $XRP -‚Ä¶
0,CHSB,Arb Cruncher,RT @arbiswap: Arbiswap BTC-CHSB Arbitrage Deal Alert! #arbitrage #cryptocurrency https://t.co/Wdp6Dj1FIn,1167927899283804161,2019-08-31 22:31:24,3,0,   Arbiswap BTC-CHSB Arbitrage Deal Alert!    
2,CHSB,Caulon,Arbiswap BTC-CHSB Arbitrage Deal Alert! #arbitrage #cryptocurrency https://t.co/Wdp6Dj1FIn,1167924633233838087,2019-08-31 22:18:26,3,0,Arbiswap BTC-CHSB Arbitrage Deal Alert!    
3,CHSB,Startup Feeds,"RT @jmestrella92: ""What you are what you do""
Thanks @swissborg 

#WeAreSwissborg #blockchain #cryptotrading #cryptocurrency #fintech #Wealt‚Ä¶",1167480724699508736,2019-08-30 16:54:30,1,0,"   ""What you are what you do"" Thanks               "
4,CHSB,J.M.Estrella92,"""What you are what you do""
Thanks @swissborg 

#WeAreSwissborg #blockchain #cryptotrading #cryptocurrency #fintech‚Ä¶ https://t.co/bVHIcLnDVY",1167480702344060929,2019-08-30 16:54:24,1,0,"""What you are what you do"" Thanks             "
5,CHSB,Oliver,"#Giveaway 
#Shareyourwealth
#chsb
#cryptocurrency 
#CryptoNews 
#btc
#eth

#keepitgoing @pulte @swissborg @SwissborgJ",1167415970366967808,2019-08-30 12:37:11,0,0,                      
0,MCO,andrewukcrypto,"RT @7ristan: #MCO #CRYPTOCOM #BTC #BNB #CRO #ETH #LTC #XRP #CASHBACK #cryptocurrency
#cryptocurrencynews #FINTECH

Test card from https://t‚Ä¶",1170637637843132417,2019-09-08 09:58:56,33,0,                        news    Test card from  ‚Ä¶
2,MCO,CryptoAdvocate üá¶üá∫,"Are you into #crypto and a new or prospective #MCO #VISA Card recipient ?

Are you interested in @Cryptocom, their‚Ä¶ https://t.co/irx8oW7VbN",1170491706963136512,2019-09-08 00:19:04,0,2,Are you into   and a new or prospective     Card recipient ?  Are you interested in   their‚Ä¶
3,MCO,TpaySoldiers,#Crypto #bitcoin $BTV #TokenPay $TPAY $LTC $ETH $OMG $TUSD $ZRX $REP $MKR $BAT $PAY $HT $DAI $CRO $NEXO $ENJ $MANA‚Ä¶ https://t.co/Bo8mudPL2k,1170463826757783552,2019-09-07 22:28:17,0,8,    $BTV   $TPAY $LTC $ETH $OMG $TUSD $ZRX $REP $MKR $BAT $PAY $HT $DAI $CRO $NEXO $ENJ $MANA‚Ä¶
4,MCO,Crypto Price Trading 30m,"$BTC : +0.02%üìà 10526$
Top (last h):
$THX : +12.27%üìà 98948st
$BAT : +2.44%üìà 1685st
$XVG : +2.32%üìà 43st
$MCO : +1.50%‚Ä¶ https://t.co/YeTuJrhsSC",1170441636255600640,2019-09-07 21:00:06,0,0,$BTC : +0.02%üìà 10526$ Top (last h): $THX : +12.27%üìà 98948st $BAT : +2.44%üìà 1685st $XVG : +2.32%üìà 43st $MCO : +1.50%‚Ä¶
5,MCO,Crypto Price Trading 30m,"$BTC : +0.01%üìà 10519$
Top (last h):
$THX : +12.17%üìà 98959st
$AOA : +3.87%üìà 123st
$MCO : +3.27%üìà 30729st
$BAT : +2.2‚Ä¶ https://t.co/ewxEbvfCRE",1170434083534573569,2019-09-07 20:30:05,0,0,$BTC : +0.01%üìà 10519$ Top (last h): $THX : +12.17%üìà 98959st $AOA : +3.87%üìà 123st $MCO : +3.27%üìà 30729st $BAT : +2.2‚Ä¶
6,MCO,EJ,The price of https://t.co/HkY6erO7N3 Chain is $0.040784! https://t.co/ExOMtQ1url #cro #mco #mcovisacard #Bitcoin‚Ä¶ https://t.co/2IzWXSh9Nf,1170227820443734016,2019-09-07 06:50:28,0,0,The price of   Chain is $0.040784!        visacard  
7,MCO,Brian Mulligan,Really liking my @cryptocom Visa Card. Great buying things with #cryptocurrency and getting 2% #cryptocurrency cash‚Ä¶ https://t.co/zH7j4MvSoP,1170104490910978049,2019-09-06 22:40:24,0,2,Really liking my   Visa Card. Great buying things with   and getting 2%   cash‚Ä¶
0,EDO,ProjectX - XtradeBOT,"üì¢NEW TRADE
üåéExchange: #Binance
üìå#EDOBTC
‚è≥Buy Date : 2019-09-07 22:24:42
‚åõSell Date : 2019-09-08 03:27:15
üìàBuy : 0.0‚Ä¶ https://t.co/VQUqKMJVST",1170508896923992069,2019-09-08 01:27:22,0,0,üì¢NEW TRADE üåéExchange:     ‚è≥Buy Date : 2019-09-07 22:24:42 ‚åõSell Date : 2019-09-08 03:27:15 üìàBuy : 0.0‚Ä¶
1,EDO,ProjectX - XtradeBOT,"üì¢NEW TRADE
üåéExchange: #Binance
üìå#EDOBTC
‚è≥Buy Date : 2019-09-07 14:11:51
‚åõSell Date : 2019-09-07 20:12:15
üìàBuy : 0.0‚Ä¶ https://t.co/v45Rtpfmlw",1170399591608594432,2019-09-07 18:13:02,0,0,üì¢NEW TRADE üåéExchange:     ‚è≥Buy Date : 2019-09-07 14:11:51 ‚åõSell Date : 2019-09-07 20:12:15 üìàBuy : 0.0‚Ä¶
0,CRPT,Petronella Technology Group,RT @arbiswap: Arbiswap BTC-CRPT Arbitrage Deal Alert! #arbitrage #cryptocurrency https://t.co/aZzLYG21AO,1170687488580628480,2019-09-08 13:17:02,3,0,   Arbiswap BTC-CRPT Arbitrage Deal Alert!    
1,CRPT,CoinMarketNews,"Today's top cryptocurrency gainers: 
 
$A (3,257.98%) up
$DEX (49.45%) up
$FX (29.33%) up
$NRG (17.19%) up
$BRD (11‚Ä¶ https://t.co/6xocYxq8Fb",1170660577427017729,2019-09-08 11:30:06,0,1,"Today's top cryptocurrency gainers:  $A (3,257.98%) up $DEX (49.45%) up $FX (29.33%) up $NRG (17.19%) up $BRD (11‚Ä¶"
4,CRPT,Caulon,Arbiswap BTC-CRPT Arbitrage Deal Alert! #arbitrage #cryptocurrency https://t.co/aZzLYG21AO,1170654700443787264,2019-09-08 11:06:44,3,1,Arbiswap BTC-CRPT Arbitrage Deal Alert!    
5,CRPT,CoinMarketNews,"Today's top cryptocurrency losers: 
 
$CRPT (-7.65%) down
$EGT (-7.24%) down
$DIVI (-6.74%) down
$BCN (-6.01%) down‚Ä¶ https://t.co/sIbMG7ArZH",1170645483171303424,2019-09-08 10:30:07,0,0,Today's top cryptocurrency losers:  $CRPT (-7.65%) down $EGT (-7.24%) down $DIVI (-6.74%) down $BCN (-6.01%) down‚Ä¶
6,CRPT,ICOLOG,"The Complete Review Of Libra‚Ää‚Äî‚ÄäFacebook‚Äôs Global Cryptocurrency...
PRC: $0.303600 (+8.40%) ‚Ä¢ ROI: -494.07% ‚Ä¢ HLD: 6‚Ä¶ https://t.co/QWXosaAIu0",1170533595406118912,2019-09-08 03:05:31,0,0,The Complete Review Of Libra‚Ää‚Äî‚ÄäFacebook‚Äôs Global Cryptocurrency... PRC: $0.303600 (+8.40%) ‚Ä¢ ROI: -494.07% ‚Ä¢ HLD: 6‚Ä¶
7,CRPT,CoinMarketNews,"Today's top cryptocurrency gainers: 
 
$NRG (25.31%) up
$DEX (22.48%) up
$BRD (16.68%) up
$QASH (13.76%) up
$XMX (1‚Ä¶ https://t.co/l1f4pTEVcM",1170479387860488192,2019-09-07 23:30:07,0,0,Today's top cryptocurrency gainers:  $NRG (25.31%) up $DEX (22.48%) up $BRD (16.68%) up $QASH (13.76%) up $XMX (1‚Ä¶
9,CRPT,CoinMarketNews,"Today's top cryptocurrency gainers: 
 
$REN (13.43%) up
$QASH (11.77%) up
$CRPT (11.71%) up
$ATOM (6.33%) up
$XMX (‚Ä¶ https://t.co/8Sx3th3A3Y",1170298196515545089,2019-09-07 11:30:07,0,2,Today's top cryptocurrency gainers:  $REN (13.43%) up $QASH (11.77%) up $CRPT (11.71%) up $ATOM (6.33%) up $XMX (‚Ä¶
10,CRPT,CoinMarketNews,"Today's top cryptocurrency gainers: 
 
$XMX (27.10%) up
$REP (19.95%) up
$CRPT (11.71%) up
$NEXO (6.66%) up
$TRUE (‚Ä¶ https://t.co/Nak10wZ7sG",1170116995767033857,2019-09-06 23:30:06,0,1,Today's top cryptocurrency gainers:  $XMX (27.10%) up $REP (19.95%) up $CRPT (11.71%) up $NEXO (6.66%) up $TRUE (‚Ä¶
11,CRPT,siebrand,"RT @coinmarketnews: Today's top cryptocurrency gainers: 
 
$DIVI (17.52%) up
$XMX (14.29%) up
$KNC (13.15%) up
$CRPT (11.71%) up
$FCT (10.1‚Ä¶",1170041378224648192,2019-09-06 18:29:37,1,0,   Today's top cryptocurrency gainers:  $DIVI (17.52%) up $XMX (14.29%) up $KNC (13.15%) up $CRPT (11.71%) up $FCT (10.1‚Ä¶
12,CRPT,ICOLOG,"Apple VP Jennifer Baily paints a positive outlook for the cryptocurrency industry. However, she insists on the comp‚Ä¶ https://t.co/9109U0Zq3j",1169959803449466880,2019-09-06 13:05:28,0,0,"le VP Jennifer Baily paints a positive outlook for the cryptocurrency industry. However, she insists on the comp‚Ä¶"
13,CRPT,CoinMarketNews,"Today's top cryptocurrency gainers: 
 
$XMX (51.14%) up
$REP (23.66%) up
$CRPT (11.71%) up
$NEXO (11.50%) up
$CS (1‚Ä¶ https://t.co/O9wGjIHw0A",1169935802433978369,2019-09-06 11:30:06,0,3,Today's top cryptocurrency gainers:  $XMX (51.14%) up $REP (23.66%) up $CRPT (11.71%) up $NEXO (11.50%) up $CS (1‚Ä¶
14,CRPT,CoinMarketNews,"Today's top cryptocurrency gainers: 
 
$DIVI (17.52%) up
$XMX (14.29%) up
$KNC (13.15%) up
$CRPT (11.71%) up
$FCT (‚Ä¶ https://t.co/J1Rq4znVkr",1169754609998540800,2019-09-05 23:30:06,1,6,Today's top cryptocurrency gainers:  $DIVI (17.52%) up $XMX (14.29%) up $KNC (13.15%) up $CRPT (11.71%) up $FCT (‚Ä¶
0,NEXO,Tony Henriquez,"Fellow Nexonians, register and vote to include #Nexo (@nexofinance) as one of the coins listed on the #BCNEX exchan‚Ä¶ https://t.co/bDLzNTg0Gw",1170691976745881602,2019-09-08 13:34:52,0,0,"Fellow Nexonians, register and vote to include     as one of the coins listed on the   exchan‚Ä¶"
1,NEXO,Tony Henriquez,"Fellow Nexonians, register and vote to include #Nexo as one of the coins listed on the #BCNEX exchange. 
#BCNX‚Ä¶ https://t.co/mNYTAkmGQ6",1170688412074029057,2019-09-08 13:20:42,0,1,"Fellow Nexonians, register and vote to include   as one of the coins listed on the   exchange.  "
2,NEXO,Kingoffreedom,"RT @cryptowealthx: Try @RebelliousCoin a fresh #dex with easy flow UI and low fees. 

#exchange #cryptocurrency #crypto #rebellious #NEXO #‚Ä¶",1170622351412776960,2019-09-08 08:58:12,1,0,   Try   a fresh   with easy flow UI and low fees.             
3,NEXO,MC Brief,Nexo Rolls Out Digital Currency Mastercard - https://t.co/jeLlC7NfHz,1170479049749274626,2019-09-07 23:28:46,0,0,Nexo Rolls Out Digital Currency Mastercard -
5,NEXO,CryptoWealthX,"Try @RebelliousCoin a fresh #dex with easy flow UI and low fees. 

#exchange #cryptocurrency #crypto #rebellious‚Ä¶ https://t.co/O11duSigtP",1170413529339506688,2019-09-07 19:08:25,1,2,Try   a fresh   with easy flow UI and low fees.         
6,NEXO,Tony Henriquez,"#BCNX #bitcoin #cryptocurrency #cryptocurrencies #bytecoin #BCN #NFL #NFL100 #litecoin #Criptomonedas 
Register and‚Ä¶ https://t.co/AudPqFLSR2",1170393807050989570,2019-09-07 17:50:03,0,0,               100     Register and‚Ä¶
7,NEXO,Rafiqul Islam,RT @c50index: Five Star Ratings Report for June 2019 Five Star Stand out! $NEXO Visit https://t.co/ENDT5ao8Ft to learn more. #bounty #ether‚Ä¶,1170340601549807616,2019-09-07 14:18:37,19,0,   Five Star Ratings Report for June 2019 Five Star Stand out! $NEXO Visit   to learn more.    
8,NEXO,Topicktea,"Join,dwonload and singup...
@Curis_Wang @blockchain @nexo @guarda #BTC #USDT #LTC #ETH #ETC #BTR #XRP #HOT‚Ä¶ https://t.co/8iz4fFmv6x",1170266634159673345,2019-09-07 09:24:42,0,1,"Join,dwonload and singup...                        "
10,NEXO,TokenNews v2.0,"LINE Receives Cryptocurrency Exchange License / LiteLink Technologies, Bay Water Transportation Part...

LINE Recei‚Ä¶ https://t.co/eSSpXgRRgY",1170060230475935744,2019-09-06 19:44:32,0,0,"LINE Receives Cryptocurrency Exchange License / LiteLink Technologies, Bay Water Transportation Part...  LINE Recei‚Ä¶"
11,NEXO,Tony Henriquez,#bitcoin #litecoin #bnb #bytecoin #bcnex #cryptocurrencies #cryptocurrency #CryptoNews #WallStreet #privacy $bcn‚Ä¶ https://t.co/TbS6bpi1um,1169998858048327680,2019-09-06 15:40:39,0,0,                    $bcn‚Ä¶
13,NEXO,Tony Henriquez,"This is for gold bugs!
#bitcoin #litecoin #bnb #bytecoin #bcnex #cryptocurrencies #cryptocurrency #CryptoNews‚Ä¶ https://t.co/sHiv0I0ltY",1169964182256660482,2019-09-06 13:22:52,0,0,This is for gold bugs!                
0,DROP,The Currency Scene,"#currency #cryptocurrency Rate Cut Odds Drop for BOC, RBA, and RBNZ amid US-China Trade War Truce: Central Bank Wee‚Ä¶ https://t.co/RGlm6EBOPk",1170695216346648579,2019-09-08 13:47:44,0,0,"    Rate Cut Odds Drop for BOC, RBA, and RBNZ amid US-China Trade War Truce: Central Bank Wee‚Ä¶"
1,DROP,BTC RSI indicator,"If it don't drop, you have no choice but to raise it.
#bitcoin #bitcoincash #ripple #ethereum #btc #bch #xrp #eth‚Ä¶ https://t.co/0vDhO6WLFI",1170694876410703873,2019-09-08 13:46:23,0,0,"If it don't drop, you have no choice but to raise it.    cash            "
2,DROP,Santchi,"RT @btcscal: Let it rise is very easy more than let it drop, don't you think?
#bitcoin #bitcoincash #ripple #ethereum #btc #bch #xrp #eth #‚Ä¶",1170690726755282944,2019-09-08 13:29:54,1,0,"   Let it rise is very easy more than let it drop, don't you think?    cash              "
3,DROP,BTC RSI indicator,"Let it rise is very easy more than let it drop, don't you think?
#bitcoin #bitcoincash #ripple #ethereum #btc #bch‚Ä¶ https://t.co/thPmCH8fA4",1170690573537120256,2019-09-08 13:29:17,1,0,"Let it rise is very easy more than let it drop, don't you think?    cash        "
4,DROP,kishan Das,"RT @VerusEstate: Verus self drop. 
Get a chance to get instant 500 VERS by participating in the forthcoming self drop commencing on 04/09/2‚Ä¶",1170678199396618240,2019-09-08 12:40:07,418,0,   Verus self drop. Get a chance to get instant 500 VERS by participating in the forthcoming self drop commencing on 04/09/2‚Ä¶
5,DROP,Appytechie,Bitcoin price latest: Cryptocurrency value plunges dramatically amid global financial market¬†drop‚Ä¶ https://t.co/2NIynSQITG,1170601781971128321,2019-09-08 07:36:28,0,1,Bitcoin price latest: Cryptocurrency value plunges dramatically amid global financial market¬†drop‚Ä¶
6,DROP,Crypto Mak üåê,RT @crypto__mak: Bitcoin‚Äôs Lightning Network capacity up by 738% since Sept 2018; Bitcoin Cash suffers 93% drop in transaction count https:‚Ä¶,1170596892754886657,2019-09-08 07:17:02,1,0,   Bitcoin‚Äôs Lightning Network capacity up by 738% since Sept 2018; Bitcoin Cash suffers 93% drop in transaction count https:‚Ä¶
7,DROP,JoseLuis üáßüá∑,"Gas prices drop to a 3-year Labor Day low, as more drivers h.. 
@joseluisintwite - CNBC - Twitter - News - Noticias‚Ä¶ https://t.co/vQvvV9Cf3M",1170596239706066944,2019-09-08 07:14:26,0,0,"Gas prices drop to a 3-year Labor Day low, as more drivers h..   - CNBC - Twitter - News - Noticias‚Ä¶"
8,DROP,Hollow Man,"RT @BravoCoin: #Win a #Roku Express HD for Our Next #Free #Crypto #Contest #Giveaway ü§©

Download @BravoCoin from app/play store ‚úÖ
RT/Like/T‚Ä¶",1170591261113245696,2019-09-08 06:54:39,17,0,     a   Express HD for Our Next         ü§©  Download   from app/play store ‚úÖ /Like/T‚Ä¶
9,DROP,Crypto Mak üåê,"Bitcoin To Visit $7,500 And Drop By 30% Soon, Analysts Predict https://t.co/z3NppJDLw7 #BitcoinAnalysis‚Ä¶ https://t.co/NAS2kPrNDm",1170590724305219585,2019-09-08 06:52:31,0,1,"Bitcoin To Visit $7,500 And Drop By 30% Soon, Analysts Predict    "
13,DROP,Dopeless Not Hopeless,"RT DawaynePerza:

Check out my blog! purchase a #kleverhat using #cryptocurrency! Drop me a comment on one of my‚Ä¶ https://t.co/c0fqsTMKR7",1170543915541417985,2019-09-08 03:46:31,0,0, DawaynePerza:  Check out my blog! purchase a   using   Drop me a comment on one of my‚Ä¶
14,DROP,Shin Angel Cries,"RT @TryviumTravels: In order to better indicate our connection with Syscoin, Tryvium BCT ANN thread (https://t.co/xSOvRP3BQH) has been expa‚Ä¶",1170526501579546625,2019-09-08 02:37:19,45,0,"   In order to better indicate our connection with Syscoin, Tryvium BCT ANN thread (  has been expa‚Ä¶"
0,ETH,Altcoin Magazine,"How #blockchain can change the #music industry?

https://t.co/fWsd9b18X0

#crypto #cryptocurrency #cryptocurrencies‚Ä¶ https://t.co/cq2Ozsj8xA",1170698318672027654,2019-09-08 14:00:04,0,0,How   can change the   industry?       currency  currencies‚Ä¶
1,ETH,cezo durakk,"RT @coinvasity: üèÜ#Bitcoin #Crypto #Giveaway 

üéÅ5 People to share 100 JACKPOT COINS (777)

 Rules:
‚úÖRT and like this post
‚úÖRT Pinned Tweet
‚úÖ‚Ä¶",1170698305405407232,2019-09-08 14:00:01,102,0,          üéÅ5 People to share 100 JACKPOT COINS (777)  Rules: ‚úÖ and like this post ‚úÖ Pinned Tweet ‚úÖ‚Ä¶
2,ETH,Matthew A Jaworski,"Cryptocurrency Price Analysis for the Week September 1 to September 8
https://t.co/8W2xvXXrq4
#Market, #Trading, #ETH, #XRP",1170698232135073792,2019-09-08 13:59:43,0,0,Cryptocurrency Price Analysis for the Week September 1 to September 8         
3,ETH,Can Cekicoglu,"RT @CryptoTownEU: üöÄ Airdrop : TLS Group
üí∞ Value : $ 110 + $ 5.5
üí∏ 100 + 5 TLS
üõ° Bot ETH  
‚è∞ 3 minutes

1. Talk with the telegram bot: https‚Ä¶",1170697836805144583,2019-09-08 13:58:09,649,0,   üöÄ Airdrop : TLS Group üí∞ Value : $ 110 + $ 5.5 üí∏ 100 + 5 TLS üõ° Bot ETH ‚è∞ 3 minutes  1. Talk with the telegram bot: https‚Ä¶
4,ETH,BitcoinBinge.com,Have you ever used #Bitcoin to make a purchase or sale?üí∏ü§î#btc $btc #eth $eth #xrp $xrp #crypto #cryptocurrency #cryptotwitter #satoshi,1170697802000867329,2019-09-08 13:58:01,0,2,Have you ever used   to make a purchase or   $btc   $eth   $xrp    currency  twitter  
5,ETH,Francis Maclean,"RT @Saturn_Token: SATURN TOKEN 1,000,000,000 Airdrop for first 1000 people, 1,000,000 SAT EACH

SATURN TOKEN LISTING ON MERCATOX!

Follow
R‚Ä¶",1170697786876149761,2019-09-08 13:57:57,156,0,"   SATURN TOKEN 1,000,000,000 Airdrop for first 1000 people, 1,000,000 SAT EACH  SATURN TOKEN LISTING ON MERCATOX!  Follow R‚Ä¶"
6,ETH,Fandieko,"RT @EZ365ecosystem: Contribute $100 US or more to our #IEO and be entered into our random #draw for a chance to win 50,000 #EZ365 tokens! L‚Ä¶",1170697701089927168,2019-09-08 13:57:37,39,0,"   Contribute $100 US or more to our   and be entered into our random   for a chance to win 50,000   tokens! L‚Ä¶"
7,ETH,Nemo Cryptoz,"RT @eternalcrypto1: proof of 500 #XRP winner draw!

Please check out my #ETH and #WIN giveaway!! 

#bitcoin #bitcorn #altcoins #crypto #cry‚Ä¶",1170697523880587264,2019-09-08 13:56:54,28,0,   proof of 500   winner draw!  Please check out my   and   giveaway!!           
9,ETH,Antonello Zizzamia,"RT @Bybit_Official: Trade on the best #cryptocurrency derivatives exchange with the best perpetual contracts

 $BTC | $ETH | $EOS | $XRP
-‚Ä¶",1170697025664540672,2019-09-08 13:54:56,1479,0,   Trade on the best   derivatives exchange with the best perpetual contracts  $BTC | $ETH | $EOS | $XRP -‚Ä¶
0,CHSB,Arb Cruncher,RT @arbiswap: Arbiswap BTC-CHSB Arbitrage Deal Alert! #arbitrage #cryptocurrency https://t.co/Wdp6Dj1FIn,1167927899283804161,2019-08-31 22:31:24,3,0,   Arbiswap BTC-CHSB Arbitrage Deal Alert!    
2,CHSB,Caulon,Arbiswap BTC-CHSB Arbitrage Deal Alert! #arbitrage #cryptocurrency https://t.co/Wdp6Dj1FIn,1167924633233838087,2019-08-31 22:18:26,3,0,Arbiswap BTC-CHSB Arbitrage Deal Alert!    
3,CHSB,Startup Feeds,"RT @jmestrella92: ""What you are what you do""
Thanks @swissborg 

#WeAreSwissborg #blockchain #cryptotrading #cryptocurrency #fintech #Wealt‚Ä¶",1167480724699508736,2019-08-30 16:54:30,1,0,"   ""What you are what you do"" Thanks               "
4,CHSB,J.M.Estrella92,"""What you are what you do""
Thanks @swissborg 

#WeAreSwissborg #blockchain #cryptotrading #cryptocurrency #fintech‚Ä¶ https://t.co/bVHIcLnDVY",1167480702344060929,2019-08-30 16:54:24,1,0,"""What you are what you do"" Thanks             "
5,CHSB,Oliver,"#Giveaway 
#Shareyourwealth
#chsb
#cryptocurrency 
#CryptoNews 
#btc
#eth

#keepitgoing @pulte @swissborg @SwissborgJ",1167415970366967808,2019-08-30 12:37:11,0,0,                      
0,MCO,ProjectX - XtradeBOT,"üì¢NEW TRADE
üåéExchange: #Binance
üìå#MCOBTC
‚è≥Buy Date : 2019-09-08 07:00:01
‚åõSell Date : 2019-09-08 18:25:31
üìàBuy : 0.0‚Ä¶ https://t.co/D0IYXu4dSq",1170734949525274624,2019-09-08 16:25:37,0,1,üì¢NEW TRADE üåéExchange:     ‚è≥Buy Date : 2019-09-08 07:00:01 ‚åõSell Date : 2019-09-08 18:25:31 üìàBuy : 0.0‚Ä¶
1,MCO,andrewukcrypto,"RT @7ristan: #MCO #CRYPTOCOM #BTC #BNB #CRO #ETH #LTC #XRP #CASHBACK #cryptocurrency
#cryptocurrencynews #FINTECH

Test card from https://t‚Ä¶",1170637637843132417,2019-09-08 09:58:56,33,0,                        news    Test card from  ‚Ä¶
3,MCO,CryptoAdvocate üá¶üá∫,"Are you into #crypto and a new or prospective #MCO #VISA Card recipient ?

Are you interested in @Cryptocom, their‚Ä¶ https://t.co/irx8oW7VbN",1170491706963136512,2019-09-08 00:19:04,0,2,Are you into   and a new or prospective     Card recipient ?  Are you interested in   their‚Ä¶
4,MCO,TpaySoldiers,#Crypto #bitcoin $BTV #TokenPay $TPAY $LTC $ETH $OMG $TUSD $ZRX $REP $MKR $BAT $PAY $HT $DAI $CRO $NEXO $ENJ $MANA‚Ä¶ https://t.co/Bo8mudPL2k,1170463826757783552,2019-09-07 22:28:17,0,11,    $BTV   $TPAY $LTC $ETH $OMG $TUSD $ZRX $REP $MKR $BAT $PAY $HT $DAI $CRO $NEXO $ENJ $MANA‚Ä¶
5,MCO,Crypto Price Trading 30m,"$BTC : +0.02%üìà 10526$
Top (last h):
$THX : +12.27%üìà 98948st
$BAT : +2.44%üìà 1685st
$XVG : +2.32%üìà 43st
$MCO : +1.50%‚Ä¶ https://t.co/YeTuJrhsSC",1170441636255600640,2019-09-07 21:00:06,0,0,$BTC : +0.02%üìà 10526$ Top (last h): $THX : +12.27%üìà 98948st $BAT : +2.44%üìà 1685st $XVG : +2.32%üìà 43st $MCO : +1.50%‚Ä¶
6,MCO,Crypto Price Trading 30m,"$BTC : +0.01%üìà 10519$
Top (last h):
$THX : +12.17%üìà 98959st
$AOA : +3.87%üìà 123st
$MCO : +3.27%üìà 30729st
$BAT : +2.2‚Ä¶ https://t.co/ewxEbvfCRE",1170434083534573569,2019-09-07 20:30:05,0,0,$BTC : +0.01%üìà 10519$ Top (last h): $THX : +12.17%üìà 98959st $AOA : +3.87%üìà 123st $MCO : +3.27%üìà 30729st $BAT : +2.2‚Ä¶
7,MCO,EJ,The price of https://t.co/HkY6erO7N3 Chain is $0.040784! https://t.co/ExOMtQ1url #cro #mco #mcovisacard #Bitcoin‚Ä¶ https://t.co/2IzWXSh9Nf,1170227820443734016,2019-09-07 06:50:28,0,0,The price of   Chain is $0.040784!        visacard  
8,MCO,Brian Mulligan,Really liking my @cryptocom Visa Card. Great buying things with #cryptocurrency and getting 2% #cryptocurrency cash‚Ä¶ https://t.co/zH7j4MvSoP,1170104490910978049,2019-09-06 22:40:24,0,2,Really liking my   Visa Card. Great buying things with   and getting 2%   cash‚Ä¶
0,CRPT,Petronella Technology Group,RT @arbiswap: Arbiswap BTC-CRPT Arbitrage Deal Alert! #arbitrage #cryptocurrency https://t.co/aZzLYG21AO,1170687488580628480,2019-09-08 13:17:02,3,0,   Arbiswap BTC-CRPT Arbitrage Deal Alert!    
1,CRPT,CoinMarketNews,"Today's top cryptocurrency gainers: 
 
$A (3,257.98%) up
$DEX (49.45%) up
$FX (29.33%) up
$NRG (17.19%) up
$BRD (11‚Ä¶ https://t.co/6xocYxq8Fb",1170660577427017729,2019-09-08 11:30:06,0,1,"Today's top cryptocurrency gainers:  $A (3,257.98%) up $DEX (49.45%) up $FX (29.33%) up $NRG (17.19%) up $BRD (11‚Ä¶"
4,CRPT,Caulon,Arbiswap BTC-CRPT Arbitrage Deal Alert! #arbitrage #cryptocurrency https://t.co/aZzLYG21AO,1170654700443787264,2019-09-08 11:06:44,3,1,Arbiswap BTC-CRPT Arbitrage Deal Alert!    
5,CRPT,CoinMarketNews,"Today's top cryptocurrency losers: 
 
$CRPT (-7.65%) down
$EGT (-7.24%) down
$DIVI (-6.74%) down
$BCN (-6.01%) down‚Ä¶ https://t.co/sIbMG7ArZH",1170645483171303424,2019-09-08 10:30:07,0,0,Today's top cryptocurrency losers:  $CRPT (-7.65%) down $EGT (-7.24%) down $DIVI (-6.74%) down $BCN (-6.01%) down‚Ä¶
6,CRPT,ICOLOG,"The Complete Review Of Libra‚Ää‚Äî‚ÄäFacebook‚Äôs Global Cryptocurrency...
PRC: $0.303600 (+8.40%) ‚Ä¢ ROI: -494.07% ‚Ä¢ HLD: 6‚Ä¶ https://t.co/QWXosaAIu0",1170533595406118912,2019-09-08 03:05:31,0,0,The Complete Review Of Libra‚Ää‚Äî‚ÄäFacebook‚Äôs Global Cryptocurrency... PRC: $0.303600 (+8.40%) ‚Ä¢ ROI: -494.07% ‚Ä¢ HLD: 6‚Ä¶
7,CRPT,CoinMarketNews,"Today's top cryptocurrency gainers: 
 
$NRG (25.31%) up
$DEX (22.48%) up
$BRD (16.68%) up
$QASH (13.76%) up
$XMX (1‚Ä¶ https://t.co/l1f4pTEVcM",1170479387860488192,2019-09-07 23:30:07,0,0,Today's top cryptocurrency gainers:  $NRG (25.31%) up $DEX (22.48%) up $BRD (16.68%) up $QASH (13.76%) up $XMX (1‚Ä¶
9,CRPT,CoinMarketNews,"Today's top cryptocurrency gainers: 
 
$REN (13.43%) up
$QASH (11.77%) up
$CRPT (11.71%) up
$ATOM (6.33%) up
$XMX (‚Ä¶ https://t.co/8Sx3th3A3Y",1170298196515545089,2019-09-07 11:30:07,0,2,Today's top cryptocurrency gainers:  $REN (13.43%) up $QASH (11.77%) up $CRPT (11.71%) up $ATOM (6.33%) up $XMX (‚Ä¶
10,CRPT,CoinMarketNews,"Today's top cryptocurrency gainers: 
 
$XMX (27.10%) up
$REP (19.95%) up
$CRPT (11.71%) up
$NEXO (6.66%) up
$TRUE (‚Ä¶ https://t.co/Nak10wZ7sG",1170116995767033857,2019-09-06 23:30:06,0,1,Today's top cryptocurrency gainers:  $XMX (27.10%) up $REP (19.95%) up $CRPT (11.71%) up $NEXO (6.66%) up $TRUE (‚Ä¶
11,CRPT,siebrand,"RT @coinmarketnews: Today's top cryptocurrency gainers: 
 
$DIVI (17.52%) up
$XMX (14.29%) up
$KNC (13.15%) up
$CRPT (11.71%) up
$FCT (10.1‚Ä¶",1170041378224648192,2019-09-06 18:29:37,1,0,   Today's top cryptocurrency gainers:  $DIVI (17.52%) up $XMX (14.29%) up $KNC (13.15%) up $CRPT (11.71%) up $FCT (10.1‚Ä¶
12,CRPT,ICOLOG,"Apple VP Jennifer Baily paints a positive outlook for the cryptocurrency industry. However, she insists on the comp‚Ä¶ https://t.co/9109U0Zq3j",1169959803449466880,2019-09-06 13:05:28,0,0,"le VP Jennifer Baily paints a positive outlook for the cryptocurrency industry. However, she insists on the comp‚Ä¶"
13,CRPT,CoinMarketNews,"Today's top cryptocurrency gainers: 
 
$XMX (51.14%) up
$REP (23.66%) up
$CRPT (11.71%) up
$NEXO (11.50%) up
$CS (1‚Ä¶ https://t.co/O9wGjIHw0A",1169935802433978369,2019-09-06 11:30:06,0,3,Today's top cryptocurrency gainers:  $XMX (51.14%) up $REP (23.66%) up $CRPT (11.71%) up $NEXO (11.50%) up $CS (1‚Ä¶
14,CRPT,CoinMarketNews,"Today's top cryptocurrency gainers: 
 
$DIVI (17.52%) up
$XMX (14.29%) up
$KNC (13.15%) up
$CRPT (11.71%) up
$FCT (‚Ä¶ https://t.co/J1Rq4znVkr",1169754609998540800,2019-09-05 23:30:06,1,7,Today's top cryptocurrency gainers:  $DIVI (17.52%) up $XMX (14.29%) up $KNC (13.15%) up $CRPT (11.71%) up $FCT (‚Ä¶
0,NEXO,Tony Henriquez,"Fellow Nexonians, register and vote to include #Nexo (@nexofinance) as one of the coins listed on the #BCNEX exchan‚Ä¶ https://t.co/bDLzNTg0Gw",1170691976745881602,2019-09-08 13:34:52,0,0,"Fellow Nexonians, register and vote to include     as one of the coins listed on the   exchan‚Ä¶"
1,NEXO,Tony Henriquez,"Fellow Nexonians, register and vote to include #Nexo as one of the coins listed on the #BCNEX exchange. 
#BCNX‚Ä¶ https://t.co/mNYTAkmGQ6",1170688412074029057,2019-09-08 13:20:42,0,1,"Fellow Nexonians, register and vote to include   as one of the coins listed on the   exchange.  "
2,NEXO,Kingoffreedom,"RT @cryptowealthx: Try @RebelliousCoin a fresh #dex with easy flow UI and low fees. 

#exchange #cryptocurrency #crypto #rebellious #NEXO #‚Ä¶",1170622351412776960,2019-09-08 08:58:12,1,0,   Try   a fresh   with easy flow UI and low fees.             
3,NEXO,MC Brief,Nexo Rolls Out Digital Currency Mastercard - https://t.co/jeLlC7NfHz,1170479049749274626,2019-09-07 23:28:46,1,1,Nexo Rolls Out Digital Currency Mastercard -
5,NEXO,CryptoWealthX,"Try @RebelliousCoin a fresh #dex with easy flow UI and low fees. 

#exchange #cryptocurrency #crypto #rebellious‚Ä¶ https://t.co/O11duSigtP",1170413529339506688,2019-09-07 19:08:25,1,2,Try   a fresh   with easy flow UI and low fees.         
6,NEXO,Tony Henriquez,"#BCNX #bitcoin #cryptocurrency #cryptocurrencies #bytecoin #BCN #NFL #NFL100 #litecoin #Criptomonedas 
Register and‚Ä¶ https://t.co/AudPqFLSR2",1170393807050989570,2019-09-07 17:50:03,0,0,               100     Register and‚Ä¶
7,NEXO,Rafiqul Islam,RT @c50index: Five Star Ratings Report for June 2019 Five Star Stand out! $NEXO Visit https://t.co/ENDT5ao8Ft to learn more. #bounty #ether‚Ä¶,1170340601549807616,2019-09-07 14:18:37,19,0,   Five Star Ratings Report for June 2019 Five Star Stand out! $NEXO Visit   to learn more.    
8,NEXO,Topicktea,"Join,dwonload and singup...
@Curis_Wang @blockchain @nexo @guarda #BTC #USDT #LTC #ETH #ETC #BTR #XRP #HOT‚Ä¶ https://t.co/8iz4fFmv6x",1170266634159673345,2019-09-07 09:24:42,0,1,"Join,dwonload and singup...                        "
10,NEXO,TokenNews v2.0,"LINE Receives Cryptocurrency Exchange License / LiteLink Technologies, Bay Water Transportation Part...

LINE Recei‚Ä¶ https://t.co/eSSpXgRRgY",1170060230475935744,2019-09-06 19:44:32,0,0,"LINE Receives Cryptocurrency Exchange License / LiteLink Technologies, Bay Water Transportation Part...  LINE Recei‚Ä¶"
11,NEXO,Tony Henriquez,#bitcoin #litecoin #bnb #bytecoin #bcnex #cryptocurrencies #cryptocurrency #CryptoNews #WallStreet #privacy $bcn‚Ä¶ https://t.co/TbS6bpi1um,1169998858048327680,2019-09-06 15:40:39,0,0,                    $bcn‚Ä¶
13,NEXO,Tony Henriquez,"This is for gold bugs!
#bitcoin #litecoin #bnb #bytecoin #bcnex #cryptocurrencies #cryptocurrency #CryptoNews‚Ä¶ https://t.co/sHiv0I0ltY",1169964182256660482,2019-09-06 13:22:52,0,0,This is for gold bugs!                
0,DROP,Stephanie Olson,"RT @ResistanceNOW77: Comments from SNB's Jordan and Fed's Powell were not exactly a ringing endorsement of cryptocurrency. 
Bitcoin takes a‚Ä¶",1170757844645249024,2019-09-08 17:56:36,2,0,   Comments from SNB's Jordan and Fed's Powell were not exactly a ringing endorsement of cryptocurrency. Bitcoin takes a‚Ä¶
1,DROP,Elton Machinya,"Welkom was great, next stop Eastern Cape! What are you waiting for? Cryptocurrency is taking over. Drop your number for more information",1170749677937016839,2019-09-08 17:24:09,0,0,"Welkom was great, next stop Eastern Cape! What are you waiting for? Cryptocurrency is taking over. Drop your number for more information"
2,DROP,The Resistance,"Comments from SNB's Jordan and Fed's Powell were not exactly a ringing endorsement of cryptocurrency. 
Bitcoin take‚Ä¶ https://t.co/PabiAzJlU5",1170748174304239616,2019-09-08 17:18:10,2,1,Comments from SNB's Jordan and Fed's Powell were not exactly a ringing endorsement of cryptocurrency. Bitcoin take‚Ä¶
3,DROP,Hayrettin,"RT @BravoCoin: #Win a #Roku Express HD for Our Next #Free #Crypto #Contest #Giveaway ü§©

Download @BravoCoin from app/play store ‚úÖ
RT/Like/T‚Ä¶",1170731168653819905,2019-09-08 16:10:36,18,0,     a   Express HD for Our Next         ü§©  Download   from app/play store ‚úÖ /Like/T‚Ä¶
4,DROP,Crypto Mak üåê,"RT @crypto__mak: Ethereum (ETH), Amidst Volatility, Records Marginal Drop in Price Since Last Week https://t.co/98U7p4cqeY #Cryptocurrency‚Ä¶",1170708889274208256,2019-09-08 14:42:04,1,0,"   Ethereum (ETH), Amidst Volatility, Records Marginal Drop in Price Since Last Week    "
5,DROP,The Currency Scene,"#currency #cryptocurrency Rate Cut Odds Drop for BOC, RBA, and RBNZ amid US-China Trade War Truce: Central Bank Wee‚Ä¶ https://t.co/RGlm6EBOPk",1170695216346648579,2019-09-08 13:47:44,0,0,"    Rate Cut Odds Drop for BOC, RBA, and RBNZ amid US-China Trade War Truce: Central Bank Wee‚Ä¶"
6,DROP,BTC RSI indicator,"If it don't drop, you have no choice but to raise it.
#bitcoin #bitcoincash #ripple #ethereum #btc #bch #xrp #eth‚Ä¶ https://t.co/0vDhO6WLFI",1170694876410703873,2019-09-08 13:46:23,0,0,"If it don't drop, you have no choice but to raise it.    cash            "
7,DROP,Santchi,"RT @btcscal: Let it rise is very easy more than let it drop, don't you think?
#bitcoin #bitcoincash #ripple #ethereum #btc #bch #xrp #eth #‚Ä¶",1170690726755282944,2019-09-08 13:29:54,1,0,"   Let it rise is very easy more than let it drop, don't you think?    cash              "
8,DROP,BTC RSI indicator,"Let it rise is very easy more than let it drop, don't you think?
#bitcoin #bitcoincash #ripple #ethereum #btc #bch‚Ä¶ https://t.co/thPmCH8fA4",1170690573537120256,2019-09-08 13:29:17,1,0,"Let it rise is very easy more than let it drop, don't you think?    cash        "
9,DROP,kishan Das,"RT @VerusEstate: Verus self drop. 
Get a chance to get instant 500 VERS by participating in the forthcoming self drop commencing on 04/09/2‚Ä¶",1170678199396618240,2019-09-08 12:40:07,418,0,   Verus self drop. Get a chance to get instant 500 VERS by participating in the forthcoming self drop commencing on 04/09/2‚Ä¶
10,DROP,Appytechie,Bitcoin price latest: Cryptocurrency value plunges dramatically amid global financial market¬†drop‚Ä¶ https://t.co/2NIynSQITG,1170601781971128321,2019-09-08 07:36:28,0,1,Bitcoin price latest: Cryptocurrency value plunges dramatically amid global financial market¬†drop‚Ä¶
11,DROP,Crypto Mak üåê,RT @crypto__mak: Bitcoin‚Äôs Lightning Network capacity up by 738% since Sept 2018; Bitcoin Cash suffers 93% drop in transaction count https:‚Ä¶,1170596892754886657,2019-09-08 07:17:02,1,0,   Bitcoin‚Äôs Lightning Network capacity up by 738% since Sept 2018; Bitcoin Cash suffers 93% drop in transaction count https:‚Ä¶
12,DROP,JoseLuis üáßüá∑,"Gas prices drop to a 3-year Labor Day low, as more drivers h.. 
@joseluisintwite - CNBC - Twitter - News - Noticias‚Ä¶ https://t.co/vQvvV9Cf3M",1170596239706066944,2019-09-08 07:14:26,0,0,"Gas prices drop to a 3-year Labor Day low, as more drivers h..   - CNBC - Twitter - News - Noticias‚Ä¶"
14,DROP,Crypto Mak üåê,"Bitcoin To Visit $7,500 And Drop By 30% Soon, Analysts Predict https://t.co/z3NppJDLw7 #BitcoinAnalysis‚Ä¶ https://t.co/NAS2kPrNDm",1170590724305219585,2019-09-08 06:52:31,0,1,"Bitcoin To Visit $7,500 And Drop By 30% Soon, Analysts Predict    "
0,ETH,üôãüèª‚Äç‚ôÇÔ∏èIAmCryptoKingü§¥üèª,"RT @wazapepe: $SHA $VET

""ThorBlock V2 will be the #GoFundMe or #Kickstarter in crypto running on VeChainThor chain and powered by the @Saf‚Ä¶",1170773254790758400,2019-09-08 18:57:50,22,0,"   $SHA $VET  ""ThorBlock V2 will be the   or   in crypto running on VeChainThor chain and powered by the  "
1,ETH,PlattsburghBTC,"BTC: $10349.9, ETH: $0, DASH: $0, XRP: $0 LTC: $0 ETC: $0 #Cryptocurrency #PriceUpdate",1170772887093022725,2019-09-08 18:56:22,0,0,"BTC: $10349.9, ETH: $0, DASH: $0, XRP: $0 LTC: $0 ETC: $0    "
2,ETH,Kobe,"RT @lifecoachmanu: THE #ALTSEASON IS OPEN!!
BUY AS MUCH AS YOU CAN üöÄüöÄüöÄüöÄüöÄ
$XVG $SC $ETH $LTC $DAPS $XRP $XEM $XLM $DASH $HOT $KIN #BITCOIN #‚Ä¶",1170771952254033921,2019-09-08 18:52:39,8,0,   THE   IS OPEN!! BUY AS MUCH AS YOU CAN üöÄüöÄüöÄüöÄüöÄ $XVG $SC $ETH $LTC $DAPS $XRP $XEM $XLM $DASH $HOT $KIN    
3,ETH,NEO Investor,"RT @SwitcheoNetwork: Calling all new crypto users! Don't know how and where to start your crypto journey? Buy your first cryptocurrency, $E‚Ä¶",1170771346441347076,2019-09-08 18:50:15,19,0,"   Calling all new crypto users! Don't know how and where to start your crypto journey? Buy your first cryptocurrency, $E‚Ä¶"
4,ETH,JON,"RT @Tao_Zao: @orion_protocol is a liquidity aggregator.

It is a protocol that connects #cryptocurrency exchanges and brings them under one‚Ä¶",1170771082686717953,2019-09-08 18:49:12,1,0,     is a liquidity aggregator.  It is a protocol that connects   exchanges and brings them under one‚Ä¶
5,ETH,mahmudin ramdani,"TLS Group Airdrop is now LiveüöÄüí∞üèÜ

Click on below link to participate into this amazing #AirdropüéÅ‚Ä¶ https://t.co/m7gdv4DQi9",1170770505239953408,2019-09-08 18:46:54,0,0,TLS Group Airdrop is now LiveüöÄüí∞üèÜ  Click on below link to participate into this amazing  
6,ETH,Mozist,"RT @XMydexpay: MyDexpay XMD Price on Exchages

Vindax
https://t.co/hNYjb9LpWY
https://t.co/1rc7bmGt1V
EtherFlayer 
https://t.co/3EuKGzFuEI‚Ä¶",1170769990833844226,2019-09-08 18:44:52,16,0,   MyDexpay XMD Price on Exchages  Vindax   EtherFlayer ‚Ä¶
7,ETH,analyst5,"#crypto mkt cap last hour

üöÄ
$BCH +20.183m
$EOS +9.829m
$LTC +6.278m

üåßÔ∏è
$BTC -227.191m
$ETH -45.494m
$XLM -32.914m‚Ä¶ https://t.co/aULuy0cObg",1170768956329746436,2019-09-08 18:40:45,0,0,  mkt cap last hour  üöÄ $BCH +20.183m $EOS +9.829m $LTC +6.278m  üåßÔ∏è $BTC -227.191m $ETH -45.494m $XLM -32.914m‚Ä¶
